[
    {
        "pk": 2, 
        "model": "ishtar_common.importertype", 
        "fields": {
            "description": "", 
            "is_template": true, 
            "unicity_keys": "external_id", 
            "users": [], 
            "slug": "mcc-parcelles", 
            "associated_models": "archaeological_operations.models.Parcel", 
            "name": "MCC - Parcelles"
        }
    }, 
    {
        "pk": 1, 
        "model": "ishtar_common.importertype", 
        "fields": {
            "description": "", 
            "is_template": true, 
            "unicity_keys": "external_id", 
            "users": [], 
            "slug": "mcc-operations", 
            "associated_models": "archaeological_operations.models.Operation", 
            "name": "MCC - Op\u00e9rations"
        }
    }, 
    {
        "pk": 3, 
        "model": "ishtar_common.importertype", 
        "fields": {
            "description": "", 
            "is_template": true, 
            "unicity_keys": "", 
            "users": [], 
            "slug": "mcc-documentation", 
            "associated_models": "archaeological_operations.models.OperationSource", 
            "name": "MCC - Documentation"
        }
    }, 
    {
        "pk": 4, 
        "model": "ishtar_common.importertype", 
        "fields": {
            "description": "", 
            "is_template": true, 
            "unicity_keys": "external_id", 
            "users": [], 
            "slug": "mcc-ue", 
            "associated_models": "archaeological_context_records.models.ContextRecord", 
            "name": "MCC - UE"
        }
    }, 
    {
        "pk": 5, 
        "model": "ishtar_common.importertype", 
        "fields": {
            "description": "", 
            "is_template": true, 
            "unicity_keys": "external_id", 
            "users": [], 
            "slug": "mcc-mobilier", 
            "associated_models": "archaeological_finds.models.BaseFind", 
            "name": "MCC - Mobilier"
        }
    }, 
    {
        "pk": 2, 
        "model": "ishtar_common.regexp", 
        "fields": {
            "regexp": "([0-9]*)", 
            "name": "Num\u00e9ro INSEE", 
            "description": ""
        }
    }, 
    {
        "pk": 1, 
        "model": "ishtar_common.importerdefault", 
        "fields": {
            "importer_type": 1, 
            "target": "operator"
        }
    }, 
    {
        "pk": 2, 
        "model": "ishtar_common.importerdefault", 
        "fields": {
            "importer_type": 3, 
            "target": "authors"
        }
    }, 
    {
        "pk": 1, 
        "model": "ishtar_common.importerdefaultvalues", 
        "fields": {
            "default_target": 1, 
            "target": "organization_type", 
            "value": "operator"
        }
    }, 
    {
        "pk": 2, 
        "model": "ishtar_common.importerdefaultvalues", 
        "fields": {
            "default_target": 2, 
            "target": "author_type", 
            "value": "main_author"
        }
    }, 
    {
        "pk": 1, 
        "model": "ishtar_common.importercolumn", 
        "fields": {
            "col_number": 1, 
            "required": true, 
            "importer_type": 1, 
            "description": "Code patriarche", 
            "regexp_pre_filter": null
        }
    }, 
    {
        "pk": 2, 
        "model": "ishtar_common.importercolumn", 
        "fields": {
            "col_number": 3, 
            "required": true, 
            "importer_type": 1, 
            "description": null, 
            "regexp_pre_filter": null
        }
    }, 
    {
        "pk": 3, 
        "model": "ishtar_common.importercolumn", 
        "fields": {
            "col_number": 4, 
            "required": true, 
            "importer_type": 1, 
            "description": null, 
            "regexp_pre_filter": null
        }
    }, 
    {
        "pk": 4, 
        "model": "ishtar_common.importercolumn", 
        "fields": {
            "col_number": 5, 
            "required": true, 
            "importer_type": 1, 
            "description": null, 
            "regexp_pre_filter": null
        }
    }, 
    {
        "pk": 5, 
        "model": "ishtar_common.importercolumn", 
        "fields": {
            "col_number": 6, 
            "required": true, 
            "importer_type": 1, 
            "description": "Nom du responsable de l'op\u00e9ration. Nom et Pr\u00e9nom sont group\u00e9 et donc mis dans le NOM seul dans l'annuaire.", 
            "regexp_pre_filter": null
        }
    }, 
    {
        "pk": 6, 
        "model": "ishtar_common.importercolumn", 
        "fields": {
            "col_number": 7, 
            "required": true, 
            "importer_type": 1, 
            "description": "Date de d\u00e9but de l'op\u00e9ration avec le format ANN\u00c9E/MOIS/JOUR", 
            "regexp_pre_filter": null
        }
    }, 
    {
        "pk": 7, 
        "model": "ishtar_common.importercolumn", 
        "fields": {
            "col_number": 8, 
            "required": true, 
            "importer_type": 1, 
            "description": "Date de fin de l'op\u00e9ration avec le format ANN\u00c9E/MOIS/JOUR", 
            "regexp_pre_filter": null
        }
    }, 
    {
        "pk": 8, 
        "model": "ishtar_common.importercolumn", 
        "fields": {
            "col_number": 9, 
            "required": false, 
            "importer_type": 1, 
            "description": null, 
            "regexp_pre_filter": null
        }
    }, 
    {
        "pk": 9, 
        "model": "ishtar_common.importercolumn", 
        "fields": {
            "col_number": 1, 
            "required": true, 
            "importer_type": 2, 
            "description": "Code patriarche de l'op\u00e9ration associ\u00e9e", 
            "regexp_pre_filter": null
        }
    }, 
    {
        "pk": 12, 
        "model": "ishtar_common.importercolumn", 
        "fields": {
            "col_number": 2, 
            "required": true, 
            "importer_type": 2, 
            "description": "Commune (via num\u00e9ro INSEE)", 
            "regexp_pre_filter": 2
        }
    }, 
    {
        "pk": 53, 
        "model": "ishtar_common.importercolumn", 
        "fields": {
            "col_number": 3, 
            "required": true, 
            "importer_type": 2, 
            "description": "Identifiant externe", 
            "regexp_pre_filter": null
        }
    }, 
    {
        "pk": 51, 
        "model": "ishtar_common.importercolumn", 
        "fields": {
            "col_number": 4, 
            "required": false, 
            "importer_type": 2, 
            "description": "Num\u00e9ro", 
            "regexp_pre_filter": null
        }
    }, 
    {
        "pk": 52, 
        "model": "ishtar_common.importercolumn", 
        "fields": {
            "col_number": 5, 
            "required": false, 
            "importer_type": 2, 
            "description": "Section", 
            "regexp_pre_filter": null
        }
    }, 
    {
        "pk": 11, 
        "model": "ishtar_common.importercolumn", 
        "fields": {
            "col_number": 6, 
            "required": false, 
            "importer_type": 2, 
            "description": "Ann\u00e9e", 
            "regexp_pre_filter": null
        }
    }, 
    {
        "pk": 13, 
        "model": "ishtar_common.importercolumn", 
        "fields": {
            "col_number": 9, 
            "required": false, 
            "importer_type": 2, 
            "description": "Lieu dit / adresse", 
            "regexp_pre_filter": null
        }
    }, 
    {
        "pk": 14, 
        "model": "ishtar_common.importercolumn", 
        "fields": {
            "col_number": 1, 
            "required": true, 
            "importer_type": 3, 
            "description": "Code patriarche de l'op\u00e9ration associ\u00e9e", 
            "regexp_pre_filter": null
        }
    }, 
    {
        "pk": 15, 
        "model": "ishtar_common.importercolumn", 
        "fields": {
            "col_number": 2, 
            "required": true, 
            "importer_type": 3, 
            "description": null, 
            "regexp_pre_filter": null
        }
    }, 
    {
        "pk": 16, 
        "model": "ishtar_common.importercolumn", 
        "fields": {
            "col_number": 3, 
            "required": true, 
            "importer_type": 3, 
            "description": null, 
            "regexp_pre_filter": null
        }
    }, 
    {
        "pk": 17, 
        "model": "ishtar_common.importercolumn", 
        "fields": {
            "col_number": 4, 
            "required": false, 
            "importer_type": 3, 
            "description": null, 
            "regexp_pre_filter": null
        }
    }, 
    {
        "pk": 18, 
        "model": "ishtar_common.importercolumn", 
        "fields": {
            "col_number": 5, 
            "required": false, 
            "importer_type": 3, 
            "description": null, 
            "regexp_pre_filter": null
        }
    }, 
    {
        "pk": 19, 
        "model": "ishtar_common.importercolumn", 
        "fields": {
            "col_number": 6, 
            "required": false, 
            "importer_type": 3, 
            "description": null, 
            "regexp_pre_filter": null
        }
    }, 
    {
        "pk": 20, 
        "model": "ishtar_common.importercolumn", 
        "fields": {
            "col_number": 7, 
            "required": false, 
            "importer_type": 3, 
            "description": null, 
            "regexp_pre_filter": null
        }
    }, 
    {
        "pk": 21, 
        "model": "ishtar_common.importercolumn", 
        "fields": {
            "col_number": 8, 
            "required": false, 
            "importer_type": 3, 
            "description": null, 
            "regexp_pre_filter": null
        }
    }, 
    {
        "pk": 22, 
        "model": "ishtar_common.importercolumn", 
        "fields": {
            "col_number": 9, 
            "required": false, 
            "importer_type": 3, 
            "description": null, 
            "regexp_pre_filter": null
        }
    }, 
    {
        "pk": 23, 
        "model": "ishtar_common.importercolumn", 
        "fields": {
            "col_number": 12, 
            "required": false, 
            "importer_type": 3, 
            "description": null, 
            "regexp_pre_filter": null
        }
    }, 
    {
        "pk": 24, 
        "model": "ishtar_common.importercolumn", 
        "fields": {
            "col_number": 13, 
            "required": false, 
            "importer_type": 3, 
            "description": null, 
            "regexp_pre_filter": null
        }
    }, 
    {
        "pk": 25, 
        "model": "ishtar_common.importercolumn", 
        "fields": {
            "col_number": 16, 
            "required": false, 
            "importer_type": 3, 
            "description": null, 
            "regexp_pre_filter": null
        }
    }, 
    {
        "pk": 26, 
        "model": "ishtar_common.importercolumn", 
        "fields": {
            "col_number": 1, 
            "required": true, 
            "importer_type": 4, 
            "description": "Code patriarche de l'op\u00e9ration associ\u00e9e", 
            "regexp_pre_filter": null
        }
    }, 
    {
        "pk": 225, 
        "model": "ishtar_common.importercolumn", 
        "fields": {
            "col_number": 2, 
            "required": true, 
            "importer_type": 4, 
            "description": "Commune (via num\u00e9ro INSEE)", 
            "regexp_pre_filter": null
        }
    }, 
    {
        "pk": 33, 
        "model": "ishtar_common.importercolumn", 
        "fields": {
            "col_number": 3, 
            "required": true, 
            "importer_type": 4, 
            "description": "Parcelle (identifiant externe)", 
            "regexp_pre_filter": null
        }
    }, 
    {
        "pk": 27, 
        "model": "ishtar_common.importercolumn", 
        "fields": {
            "col_number": 4, 
            "required": true, 
            "importer_type": 4, 
            "description": "Label / Identifiant externe ", 
            "regexp_pre_filter": null
        }
    }, 
    {
        "pk": 28, 
        "model": "ishtar_common.importercolumn", 
        "fields": {
            "col_number": 5, 
            "required": false, 
            "importer_type": 4, 
            "description": "Type", 
            "regexp_pre_filter": null
        }
    }, 
    {
        "pk": 29, 
        "model": "ishtar_common.importercolumn", 
        "fields": {
            "col_number": 6, 
            "required": false, 
            "importer_type": 4, 
            "description": "Description", 
            "regexp_pre_filter": null
        }
    }, 
    {
        "pk": 30, 
        "model": "ishtar_common.importercolumn", 
        "fields": {
            "col_number": 7, 
            "required": false, 
            "importer_type": 4, 
            "description": "Identification", 
            "regexp_pre_filter": null
        }
    }, 
    {
        "pk": 31, 
        "model": "ishtar_common.importercolumn", 
        "fields": {
            "col_number": 8, 
            "required": false, 
            "importer_type": 4, 
            "description": "Date d'ouverture", 
            "regexp_pre_filter": null
        }
    }, 
    {
        "pk": 32, 
        "model": "ishtar_common.importercolumn", 
        "fields": {
            "col_number": 9, 
            "required": false, 
            "importer_type": 4, 
            "description": "Date de fermeture", 
            "regexp_pre_filter": null
        }
    }, 
    {
        "pk": 34, 
        "model": "ishtar_common.importercolumn", 
        "fields": {
            "col_number": 11, 
            "required": false, 
            "importer_type": 4, 
            "description": "Commentaire", 
            "regexp_pre_filter": null
        }
    }, 
    {
        "pk": 54, 
        "model": "ishtar_common.importercolumn", 
        "fields": {
            "col_number": 12, 
            "required": false, 
            "importer_type": 4, 
            "description": "Nature", 
            "regexp_pre_filter": null
        }
    }, 
    {
        "pk": 35, 
        "model": "ishtar_common.importercolumn", 
        "fields": {
            "col_number": 13, 
            "required": false, 
            "importer_type": 4, 
            "description": "Chronologie (plusieurs possibles s\u00e9par\u00e9es par &)", 
            "regexp_pre_filter": null
        }
    }, 
    {
        "pk": 36, 
        "model": "ishtar_common.importercolumn", 
        "fields": {
            "col_number": 1, 
            "required": true, 
            "importer_type": 5, 
            "description": "Code patriarche de l'op\u00e9ration associ\u00e9e", 
            "regexp_pre_filter": null
        }
    }, 
    {
        "pk": 227, 
        "model": "ishtar_common.importercolumn", 
        "fields": {
            "col_number": 2, 
            "required": true, 
            "importer_type": 5, 
            "description": "Commune (via num\u00e9ro INSEE)", 
            "regexp_pre_filter": null
        }
    }, 
    {
        "pk": 226, 
        "model": "ishtar_common.importercolumn", 
        "fields": {
            "col_number": 3, 
            "required": true, 
            "importer_type": 5, 
            "description": "Identifiant parcelle", 
            "regexp_pre_filter": null
        }
    }, 
    {
        "pk": 43, 
        "model": "ishtar_common.importercolumn", 
        "fields": {
            "col_number": 4, 
            "required": true, 
            "importer_type": 5, 
            "description": "Identifiant UE", 
            "regexp_pre_filter": null
        }
    }, 
    {
        "pk": 37, 
        "model": "ishtar_common.importercolumn", 
        "fields": {
            "col_number": 5, 
            "required": true, 
            "importer_type": 5, 
            "description": "Identifiant externe", 
            "regexp_pre_filter": null
        }
    }, 
    {
        "pk": 39, 
        "model": "ishtar_common.importercolumn", 
        "fields": {
            "col_number": 9, 
            "required": false, 
            "importer_type": 5, 
            "description": "Sous classe de mat\u00e9riaux", 
            "regexp_pre_filter": null
        }
    }, 
    {
        "pk": 40, 
        "model": "ishtar_common.importercolumn", 
        "fields": {
            "col_number": 13, 
            "required": false, 
            "importer_type": 5, 
            "description": "Nombre d'\u00e9l\u00e9ments", 
            "regexp_pre_filter": null
        }
    }, 
    {
        "pk": 41, 
        "model": "ishtar_common.importercolumn", 
        "fields": {
            "col_number": 14, 
            "required": false, 
            "importer_type": 5, 
            "description": "Poids", 
            "regexp_pre_filter": null
        }
    }, 
    {
        "pk": 42, 
        "model": "ishtar_common.importercolumn", 
        "fields": {
            "col_number": 15, 
            "required": false, 
            "importer_type": 5, 
            "description": "Unit\u00e9 de poids", 
            "regexp_pre_filter": null
        }
    }, 
    {
        "pk": 44, 
        "model": "ishtar_common.importercolumn", 
        "fields": {
            "col_number": 16, 
            "required": false, 
            "importer_type": 5, 
            "description": "Date de d\u00e9couverte", 
            "regexp_pre_filter": null
        }
    }, 
    {
        "pk": 45, 
        "model": "ishtar_common.importercolumn", 
        "fields": {
            "col_number": 17, 
            "required": false, 
            "importer_type": 5, 
            "description": "\u00c9tat de conservation", 
            "regexp_pre_filter": null
        }
    }, 
    {
        "pk": 46, 
        "model": "ishtar_common.importercolumn", 
        "fields": {
            "col_number": 18, 
            "required": false, 
            "importer_type": 5, 
            "description": "Mesure de conservation", 
            "regexp_pre_filter": null
        }
    }, 
    {
        "pk": 47, 
        "model": "ishtar_common.importercolumn", 
        "fields": {
            "col_number": 19, 
            "required": false, 
            "importer_type": 5, 
            "description": "Commentaire", 
            "regexp_pre_filter": null
        }
    }, 
    {
        "pk": 228, 
        "model": "ishtar_common.importercolumn", 
        "fields": {
            "col_number": 20, 
            "required": false, 
            "importer_type": 5, 
            "description": "Datations s\u00e9par\u00e9es par des \"&\"", 
            "regexp_pre_filter": null
        }
    }, 
    {
        "pk": 48, 
        "model": "ishtar_common.importercolumn", 
        "fields": {
            "col_number": 21, 
            "required": false, 
            "importer_type": 5, 
            "description": "Localisation topographique", 
            "regexp_pre_filter": null
        }
    }, 
    {
        "pk": 49, 
        "model": "ishtar_common.importercolumn", 
        "fields": {
            "col_number": 22, 
            "required": false, 
            "importer_type": 5, 
            "description": "Int\u00e9r\u00eat sp\u00e9cifique", 
            "regexp_pre_filter": null
        }
    }, 
    {
        "pk": 50, 
        "model": "ishtar_common.importercolumn", 
        "fields": {
            "col_number": 23, 
            "required": false, 
            "importer_type": 5, 
            "description": "Description", 
            "regexp_pre_filter": null
        }
    }, 
    {
        "pk": 46, 
        "model": "ishtar_common.importtarget", 
        "fields": {
            "comment": null, 
            "target": "find__conservatory_state", 
            "column": 45, 
            "formater_type": 22, 
            "concat_str": null, 
            "regexp_filter": null, 
            "concat": false, 
            "force_new": false
        }
    }, 
    {
        "pk": 47, 
        "model": "ishtar_common.importtarget", 
        "fields": {
            "comment": null, 
            "target": "find__preservation_to_considers", 
            "column": 46, 
            "formater_type": 23, 
            "concat_str": null, 
            "regexp_filter": null, 
            "concat": false, 
            "force_new": false
        }
    }, 
    {
        "pk": 49, 
        "model": "ishtar_common.importtarget", 
        "fields": {
            "comment": null, 
            "target": "topographic_localisation", 
            "column": 48, 
            "formater_type": 3, 
            "concat_str": null, 
            "regexp_filter": null, 
            "concat": false, 
            "force_new": false
        }
    }, 
    {
        "pk": 50, 
        "model": "ishtar_common.importtarget", 
        "fields": {
            "comment": null, 
            "target": "special_interest", 
            "column": 49, 
            "formater_type": 3, 
            "concat_str": null, 
            "regexp_filter": null, 
            "concat": false, 
            "force_new": false
        }
    }, 
    {
        "pk": 51, 
        "model": "ishtar_common.importtarget", 
        "fields": {
            "comment": null, 
            "target": "description", 
            "column": 50, 
            "formater_type": 16, 
            "concat_str": null, 
            "regexp_filter": null, 
            "concat": false, 
            "force_new": false
        }
    }, 
    {
        "pk": 15, 
        "model": "ishtar_common.importtarget", 
        "fields": {
            "comment": null, 
            "target": "operation__code_patriarche", 
            "column": 14, 
            "formater_type": 1, 
            "concat_str": null, 
            "regexp_filter": null, 
            "concat": false, 
            "force_new": false
        }
    }, 
    {
        "pk": 28, 
        "model": "ishtar_common.importtarget", 
        "fields": {
            "comment": "", 
            "target": "label", 
            "column": 27, 
            "formater_type": 3, 
            "concat_str": null, 
            "regexp_filter": null, 
            "concat": false, 
            "force_new": false
        }
    }, 
    {
        "pk": 48, 
        "model": "ishtar_common.importtarget", 
        "fields": {
            "comment": "", 
            "target": "comment", 
            "column": 47, 
            "formater_type": 35, 
            "concat_str": null, 
            "regexp_filter": null, 
            "concat": false, 
            "force_new": false
        }
    }, 
    {
        "pk": 13, 
        "model": "ishtar_common.importtarget", 
        "fields": {
            "comment": null, 
            "target": "town__numero_insee", 
            "column": 12, 
            "formater_type": 11, 
            "concat_str": null, 
            "regexp_filter": null, 
            "concat": false, 
            "force_new": false
        }
    }, 
    {
        "pk": 2, 
        "model": "ishtar_common.importtarget", 
        "fields": {
            "comment": null, 
            "target": "operation_type", 
            "column": 2, 
            "formater_type": 2, 
            "concat_str": null, 
            "regexp_filter": null, 
            "concat": false, 
            "force_new": false
        }
    }, 
    {
        "pk": 38, 
        "model": "ishtar_common.importtarget", 
        "fields": {
            "comment": "", 
            "target": "label", 
            "column": 37, 
            "formater_type": 3, 
            "concat_str": null, 
            "regexp_filter": null, 
            "concat": false, 
            "force_new": false
        }
    }, 
    {
        "pk": 3, 
        "model": "ishtar_common.importtarget", 
        "fields": {
            "comment": null, 
            "target": "common_name", 
            "column": 3, 
            "formater_type": 3, 
            "concat_str": null, 
            "regexp_filter": null, 
            "concat": false, 
            "force_new": false
        }
    }, 
    {
        "pk": 4, 
        "model": "ishtar_common.importtarget", 
        "fields": {
            "comment": null, 
            "target": "operator__name", 
            "column": 4, 
            "formater_type": 3, 
            "concat_str": null, 
            "regexp_filter": null, 
            "concat": false, 
            "force_new": false
        }
    }, 
    {
        "pk": 6, 
        "model": "ishtar_common.importtarget", 
        "fields": {
            "comment": null, 
            "target": "start_date", 
            "column": 6, 
            "formater_type": 5, 
            "concat_str": null, 
            "regexp_filter": null, 
            "concat": false, 
            "force_new": false
        }
    }, 
    {
        "pk": 7, 
        "model": "ishtar_common.importtarget", 
        "fields": {
            "comment": null, 
            "target": "excavation_end_date", 
            "column": 7, 
            "formater_type": 5, 
            "concat_str": null, 
            "regexp_filter": null, 
            "concat": false, 
            "force_new": false
        }
    }, 
    {
        "pk": 8, 
        "model": "ishtar_common.importtarget", 
        "fields": {
            "comment": null, 
            "target": "periods", 
            "column": 8, 
            "formater_type": 6, 
            "concat_str": null, 
            "regexp_filter": null, 
            "concat": false, 
            "force_new": false
        }
    }, 
    {
        "pk": 14, 
        "model": "ishtar_common.importtarget", 
        "fields": {
            "comment": null, 
            "target": "address", 
            "column": 13, 
            "formater_type": 10, 
            "concat_str": null, 
            "regexp_filter": null, 
            "concat": false, 
            "force_new": false
        }
    }, 
    {
        "pk": 16, 
        "model": "ishtar_common.importtarget", 
        "fields": {
            "comment": null, 
            "target": "external_id", 
            "column": 15, 
            "formater_type": 11, 
            "concat_str": null, 
            "regexp_filter": null, 
            "concat": false, 
            "force_new": false
        }
    }, 
    {
        "pk": 17, 
        "model": "ishtar_common.importtarget", 
        "fields": {
            "comment": null, 
            "target": "source_type", 
            "column": 16, 
            "formater_type": 12, 
            "concat_str": null, 
            "regexp_filter": null, 
            "concat": false, 
            "force_new": false
        }
    }, 
    {
        "pk": 18, 
        "model": "ishtar_common.importtarget", 
        "fields": {
            "comment": null, 
            "target": "support_type", 
            "column": 17, 
            "formater_type": 13, 
            "concat_str": null, 
            "regexp_filter": null, 
            "concat": false, 
            "force_new": false
        }
    }, 
    {
        "pk": 40, 
        "model": "ishtar_common.importtarget", 
        "fields": {
            "comment": null, 
            "target": "find__material_types", 
            "column": 39, 
            "formater_type": 20, 
            "concat_str": null, 
            "regexp_filter": null, 
            "concat": false, 
            "force_new": false
        }
    }, 
    {
        "pk": 19, 
        "model": "ishtar_common.importtarget", 
        "fields": {
            "comment": null, 
            "target": "item_number", 
            "column": 18, 
            "formater_type": 1, 
            "concat_str": null, 
            "regexp_filter": null, 
            "concat": false, 
            "force_new": false
        }
    }, 
    {
        "pk": 20, 
        "model": "ishtar_common.importtarget", 
        "fields": {
            "comment": null, 
            "target": "authors__person__raw_name", 
            "column": 19, 
            "formater_type": 4, 
            "concat_str": null, 
            "regexp_filter": null, 
            "concat": false, 
            "force_new": false
        }
    }, 
    {
        "pk": 21, 
        "model": "ishtar_common.importtarget", 
        "fields": {
            "comment": null, 
            "target": "creation_date", 
            "column": 20, 
            "formater_type": 14, 
            "concat_str": null, 
            "regexp_filter": null, 
            "concat": false, 
            "force_new": false
        }
    }, 
    {
        "pk": 22, 
        "model": "ishtar_common.importtarget", 
        "fields": {
            "comment": null, 
            "target": "format_type", 
            "column": 21, 
            "formater_type": 15, 
            "concat_str": null, 
            "regexp_filter": null, 
            "concat": false, 
            "force_new": false
        }
    }, 
    {
        "pk": 23, 
        "model": "ishtar_common.importtarget", 
        "fields": {
            "comment": null, 
            "target": "description", 
            "column": 22, 
            "formater_type": 16, 
            "concat_str": null, 
            "regexp_filter": null, 
            "concat": false, 
            "force_new": false
        }
    }, 
    {
        "pk": 24, 
        "model": "ishtar_common.importtarget", 
        "fields": {
            "comment": null, 
            "target": "comment", 
            "column": 23, 
            "formater_type": 16, 
            "concat_str": null, 
            "regexp_filter": null, 
            "concat": false, 
            "force_new": false
        }
    }, 
    {
        "pk": 25, 
        "model": "ishtar_common.importtarget", 
        "fields": {
            "comment": null, 
            "target": "scale", 
            "column": 24, 
            "formater_type": 17, 
            "concat_str": null, 
            "regexp_filter": null, 
            "concat": false, 
            "force_new": false
        }
    }, 
    {
        "pk": 53, 
        "model": "ishtar_common.importtarget", 
        "fields": {
            "comment": null, 
            "target": "parcel_number", 
            "column": 51, 
            "formater_type": 8, 
            "concat_str": null, 
            "regexp_filter": null, 
            "concat": false, 
            "force_new": false
        }
    }, 
    {
        "pk": 54, 
        "model": "ishtar_common.importtarget", 
        "fields": {
            "comment": null, 
            "target": "section", 
            "column": 52, 
            "formater_type": 7, 
            "concat_str": null, 
            "regexp_filter": null, 
            "concat": false, 
            "force_new": false
        }
    }, 
    {
        "pk": 5, 
        "model": "ishtar_common.importtarget", 
        "fields": {
            "comment": null, 
            "target": "scientist__raw_name", 
            "column": 5, 
            "formater_type": 4, 
            "concat_str": null, 
            "regexp_filter": null, 
            "concat": false, 
            "force_new": false
        }
    }, 
    {
        "pk": 56, 
        "model": "ishtar_common.importtarget", 
        "fields": {
            "comment": null, 
            "target": "year", 
            "column": 11, 
            "formater_type": 14, 
            "concat_str": null, 
            "regexp_filter": null, 
            "concat": false, 
            "force_new": false
        }
    }, 
    {
        "pk": 35, 
        "model": "ishtar_common.importtarget", 
        "fields": {
            "comment": null, 
            "target": "comment", 
            "column": 34, 
            "formater_type": 16, 
            "concat_str": null, 
            "regexp_filter": null, 
            "concat": false, 
            "force_new": false
        }
    }, 
    {
        "pk": 31, 
        "model": "ishtar_common.importtarget", 
        "fields": {
            "comment": null, 
            "target": "identification", 
            "column": 30, 
            "formater_type": 24, 
            "concat_str": null, 
            "regexp_filter": null, 
            "concat": false, 
            "force_new": false
        }
    }, 
    {
        "pk": 57, 
        "model": "ishtar_common.importtarget", 
        "fields": {
            "comment": null, 
            "target": "interpretation", 
            "column": 54, 
            "formater_type": 16, 
            "concat_str": null, 
            "regexp_filter": null, 
            "concat": false, 
            "force_new": false
        }
    }, 
    {
        "pk": 26, 
        "model": "ishtar_common.importtarget", 
        "fields": {
            "comment": null, 
            "target": "additional_information", 
            "column": 25, 
            "formater_type": 16, 
            "concat_str": null, 
            "regexp_filter": null, 
            "concat": false, 
            "force_new": false
        }
    }, 
    {
        "pk": 29, 
        "model": "ishtar_common.importtarget", 
        "fields": {
            "comment": null, 
            "target": "unit", 
            "column": 28, 
            "formater_type": 18, 
            "concat_str": null, 
            "regexp_filter": null, 
            "concat": false, 
            "force_new": false
        }
    }, 
    {
        "pk": 30, 
        "model": "ishtar_common.importtarget", 
        "fields": {
            "comment": null, 
            "target": "description", 
            "column": 29, 
            "formater_type": 16, 
            "concat_str": null, 
            "regexp_filter": null, 
            "concat": false, 
            "force_new": false
        }
    }, 
    {
        "pk": 32, 
        "model": "ishtar_common.importtarget", 
        "fields": {
            "comment": null, 
            "target": "opening_date", 
            "column": 31, 
            "formater_type": 5, 
            "concat_str": null, 
            "regexp_filter": null, 
            "concat": false, 
            "force_new": false
        }
    }, 
    {
        "pk": 33, 
        "model": "ishtar_common.importtarget", 
        "fields": {
            "comment": null, 
            "target": "closing_date", 
            "column": 32, 
            "formater_type": 5, 
            "concat_str": null, 
            "regexp_filter": null, 
            "concat": false, 
            "force_new": false
        }
    }, 
    {
        "pk": 1, 
        "model": "ishtar_common.importtarget", 
        "fields": {
            "comment": null, 
            "target": "code_patriarche", 
            "column": 1, 
            "formater_type": 1, 
            "concat_str": null, 
            "regexp_filter": null, 
            "concat": false, 
            "force_new": false
        }
    }, 
    {
        "pk": 41, 
        "model": "ishtar_common.importtarget", 
        "fields": {
            "comment": null, 
            "target": "find__find_number", 
            "column": 40, 
            "formater_type": 1, 
            "concat_str": null, 
            "regexp_filter": null, 
            "concat": false, 
            "force_new": false
        }
    }, 
    {
        "pk": 42, 
        "model": "ishtar_common.importtarget", 
        "fields": {
            "comment": null, 
            "target": "find__weight", 
            "column": 41, 
            "formater_type": 21, 
            "concat_str": null, 
            "regexp_filter": null, 
            "concat": false, 
            "force_new": false
        }
    }, 
    {
        "pk": 43, 
        "model": "ishtar_common.importtarget", 
        "fields": {
            "comment": null, 
            "target": "find__weight_unit", 
            "column": 42, 
            "formater_type": 7, 
            "concat_str": null, 
            "regexp_filter": null, 
            "concat": false, 
            "force_new": false
        }
    }, 
    {
        "pk": 45, 
        "model": "ishtar_common.importtarget", 
        "fields": {
            "comment": null, 
            "target": "discovery_date", 
            "column": 44, 
            "formater_type": 5, 
            "concat_str": null, 
            "regexp_filter": null, 
            "concat": false, 
            "force_new": false
        }
    }, 
    {
        "pk": 36, 
        "model": "ishtar_common.importtarget", 
        "fields": {
            "comment": null, 
            "target": "datings__period", 
            "column": 35, 
            "formater_type": 6, 
            "concat_str": null, 
            "regexp_filter": null, 
            "concat": false, 
            "force_new": true
        }
    }, 
    {
        "pk": 253, 
        "model": "ishtar_common.importtarget", 
        "fields": {
            "comment": "", 
            "target": "find__datings__period", 
            "column": 228, 
            "formater_type": 6, 
            "concat_str": null, 
            "regexp_filter": null, 
            "concat": false, 
            "force_new": true
        }
    }, 
    {
        "pk": 55, 
        "model": "ishtar_common.importtarget", 
        "fields": {
            "comment": "", 
            "target": "external_id", 
            "column": 53, 
            "formater_type": 11, 
            "concat_str": "-", 
            "regexp_filter": null, 
            "concat": false, 
            "force_new": false
        }
    }, 
    {
        "pk": 27, 
        "model": "ishtar_common.importtarget", 
        "fields": {
            "comment": "", 
            "target": "operation__code_patriarche", 
            "column": 26, 
            "formater_type": 1, 
            "concat_str": "-", 
            "regexp_filter": null, 
            "concat": false, 
            "force_new": false
        }
    }, 
    {
        "pk": 250, 
        "model": "ishtar_common.importtarget", 
        "fields": {
            "comment": "", 
            "target": "parcel__external_id", 
            "column": 225, 
            "formater_type": 28, 
            "concat_str": "-", 
            "regexp_filter": null, 
            "concat": false, 
            "force_new": false
        }
    }, 
    {
        "pk": 34, 
        "model": "ishtar_common.importtarget", 
        "fields": {
            "comment": "", 
            "target": "parcel__external_id", 
            "column": 33, 
            "formater_type": 11, 
            "concat_str": "-", 
            "regexp_filter": null, 
            "concat": false, 
            "force_new": false
        }
    }, 
    {
        "pk": 37, 
        "model": "ishtar_common.importtarget", 
        "fields": {
            "comment": "", 
            "target": "context_record__external_id", 
            "column": 36, 
            "formater_type": 11, 
            "concat_str": "-", 
            "regexp_filter": null, 
            "concat": false, 
            "force_new": false
        }
    }, 
    {
        "pk": 252, 
        "model": "ishtar_common.importtarget", 
        "fields": {
            "comment": "", 
            "target": "context_record__external_id", 
            "column": 227, 
            "formater_type": 28, 
            "concat_str": "-", 
            "regexp_filter": null, 
            "concat": false, 
            "force_new": false
        }
    }, 
    {
        "pk": 44, 
        "model": "ishtar_common.importtarget", 
        "fields": {
            "comment": "", 
            "target": "context_record__external_id", 
            "column": 43, 
            "formater_type": 3, 
            "concat_str": "-", 
            "regexp_filter": null, 
            "concat": false, 
            "force_new": false
        }
    }, 
    {
        "pk": 9, 
        "model": "ishtar_common.importtarget", 
        "fields": {
            "comment": "", 
            "target": "operation__code_patriarche", 
            "column": 9, 
            "formater_type": 1, 
            "concat_str": "-", 
            "regexp_filter": null, 
            "concat": false, 
            "force_new": false
        }
    }, 
    {
        "pk": 251, 
        "model": "ishtar_common.importtarget", 
        "fields": {
            "comment": "", 
            "target": "context_record__external_id", 
            "column": 226, 
            "formater_type": 35, 
            "concat_str": "-", 
            "regexp_filter": null, 
            "concat": false, 
            "force_new": false
        }
    }, 
    {
        "pk": 25, 
        "model": "ishtar_common.formatertype", 
        "fields": {
            "formater_type": "DateFormater", 
            "many_split": "", 
            "options": "%d/%m/%Y"
        }
    }, 
    {
        "pk": 5, 
        "model": "ishtar_common.formatertype", 
        "fields": {
            "formater_type": "DateFormater", 
            "many_split": "", 
            "options": "%Y/%m/%d"
        }
    }, 
    {
        "pk": 27, 
        "model": "ishtar_common.formatertype", 
        "fields": {
            "formater_type": "FileFormater", 
            "many_split": "", 
            "options": ""
        }
    }, 
    {
        "pk": 21, 
        "model": "ishtar_common.formatertype", 
        "fields": {
            "formater_type": "FloatFormater", 
            "many_split": "", 
            "options": ""
        }
    }, 
    {
        "pk": 1, 
        "model": "ishtar_common.formatertype", 
        "fields": {
            "formater_type": "IntegerFormater", 
            "many_split": "", 
            "options": ""
        }
    }, 
    {
        "pk": 19, 
        "model": "ishtar_common.formatertype", 
        "fields": {
            "formater_type": "StrToBoolean", 
            "many_split": "", 
            "options": ""
        }
    }, 
    {
        "pk": 24, 
        "model": "ishtar_common.formatertype", 
        "fields": {
            "formater_type": "TypeFormater", 
            "many_split": "", 
            "options": "archaeological_context_records.models.IdentificationType"
        }
    }, 
    {
        "pk": 18, 
        "model": "ishtar_common.formatertype", 
        "fields": {
            "formater_type": "TypeFormater", 
            "many_split": "", 
            "options": "archaeological_context_records.models.Unit"
        }
    }, 
    {
        "pk": 34, 
        "model": "ishtar_common.formatertype", 
        "fields": {
            "formater_type": "TypeFormater", 
            "many_split": "", 
            "options": "archaeological_files.models.PermitType"
        }
    }, 
    {
        "pk": 32, 
        "model": "ishtar_common.formatertype", 
        "fields": {
            "formater_type": "TypeFormater", 
            "many_split": "", 
            "options": "archaeological_files.models.SaisineType"
        }
    }, 
    {
        "pk": 22, 
        "model": "ishtar_common.formatertype", 
        "fields": {
            "formater_type": "TypeFormater", 
            "many_split": "", 
            "options": "archaeological_finds.models.ConservatoryState"
        }
    }, 
    {
        "pk": 20, 
        "model": "ishtar_common.formatertype", 
        "fields": {
            "formater_type": "TypeFormater", 
            "many_split": "&", 
            "options": "archaeological_finds.models.MaterialType"
        }
    }, 
    {
        "pk": 26, 
        "model": "ishtar_common.formatertype", 
        "fields": {
            "formater_type": "TypeFormater", 
            "many_split": "", 
            "options": "archaeological_finds.models.ObjectType"
        }
    }, 
    {
        "pk": 23, 
        "model": "ishtar_common.formatertype", 
        "fields": {
            "formater_type": "TypeFormater", 
            "many_split": "", 
            "options": "archaeological_finds.models.PreservationType"
        }
    }, 
    {
        "pk": 2, 
        "model": "ishtar_common.formatertype", 
        "fields": {
            "formater_type": "TypeFormater", 
            "many_split": "", 
            "options": "archaeological_operations.models.OperationType"
        }
    }, 
    {
        "pk": 6, 
        "model": "ishtar_common.formatertype", 
        "fields": {
            "formater_type": "TypeFormater", 
            "many_split": "&", 
            "options": "archaeological_operations.models.Period"
        }
    }, 
    {
        "pk": 15, 
        "model": "ishtar_common.formatertype", 
        "fields": {
            "formater_type": "TypeFormater", 
            "many_split": "", 
            "options": "Format"
        }
    }, 
    {
        "pk": 12, 
        "model": "ishtar_common.formatertype", 
        "fields": {
            "formater_type": "TypeFormater", 
            "many_split": "", 
            "options": "SourceType"
        }
    }, 
    {
        "pk": 13, 
        "model": "ishtar_common.formatertype", 
        "fields": {
            "formater_type": "TypeFormater", 
            "many_split": "", 
            "options": "SupportType"
        }
    }, 
    {
        "pk": 35, 
        "model": "ishtar_common.formatertype", 
        "fields": {
            "formater_type": "UnicodeFormater", 
            "many_split": "", 
            "options": ""
        }
    }, 
    {
        "pk": 16, 
        "model": "ishtar_common.formatertype", 
        "fields": {
            "formater_type": "UnicodeFormater", 
            "many_split": "", 
            "options": "1000"
        }
    }, 
    {
        "pk": 11, 
        "model": "ishtar_common.formatertype", 
        "fields": {
            "formater_type": "UnicodeFormater", 
            "many_split": "", 
            "options": "12"
        }
    }, 
    {
        "pk": 3, 
        "model": "ishtar_common.formatertype", 
        "fields": {
            "formater_type": "UnicodeFormater", 
            "many_split": "", 
            "options": "120"
        }
    }, 
    {
        "pk": 30, 
        "model": "ishtar_common.formatertype", 
        "fields": {
            "formater_type": "UnicodeFormater", 
            "many_split": "", 
            "options": "200"
        }
    }, 
    {
        "pk": 33, 
        "model": "ishtar_common.formatertype", 
        "fields": {
            "formater_type": "UnicodeFormater", 
            "many_split": "", 
            "options": "2000"
        }
    }, 
    {
        "pk": 17, 
        "model": "ishtar_common.formatertype", 
        "fields": {
            "formater_type": "UnicodeFormater", 
            "many_split": "", 
            "options": "30"
        }
    }, 
    {
        "pk": 4, 
        "model": "ishtar_common.formatertype", 
        "fields": {
            "formater_type": "UnicodeFormater", 
            "many_split": "", 
            "options": "300"
        }
    }, 
    {
        "pk": 7, 
        "model": "ishtar_common.formatertype", 
        "fields": {
            "formater_type": "UnicodeFormater", 
            "many_split": "", 
            "options": "4"
        }
    }, 
    {
        "pk": 28, 
        "model": "ishtar_common.formatertype", 
        "fields": {
            "formater_type": "UnicodeFormater", 
            "many_split": "", 
            "options": "5"
        }
    }, 
    {
        "pk": 10, 
        "model": "ishtar_common.formatertype", 
        "fields": {
            "formater_type": "UnicodeFormater", 
            "many_split": "", 
            "options": "500"
        }
    }, 
    {
        "pk": 8, 
        "model": "ishtar_common.formatertype", 
        "fields": {
            "formater_type": "UnicodeFormater", 
            "many_split": "", 
            "options": "6"
        }
    }, 
    {
        "pk": 36, 
        "model": "ishtar_common.formatertype", 
        "fields": {
            "formater_type": "UnicodeFormater", 
            "many_split": "", 
            "options": "60"
        }
    }, 
    {
        "pk": 31, 
        "model": "ishtar_common.formatertype", 
        "fields": {
            "formater_type": "UnicodeFormater", 
            "many_split": "", 
            "options": "70"
        }
    }, 
    {
        "pk": 29, 
        "model": "ishtar_common.formatertype", 
        "fields": {
            "formater_type": "UnknowType", 
            "many_split": "", 
            "options": ""
        }
    }, 
    {
        "pk": 14, 
        "model": "ishtar_common.formatertype", 
        "fields": {
            "formater_type": "YearFormater", 
            "many_split": "", 
            "options": "%Y"
        }
    }, 
    {
        "pk": 5, 
        "model": "ishtar_common.importerduplicatefield", 
        "fields": {
            "column": 5, 
            "concat_str": null, 
            "field_name": "scientist__name", 
            "concat": false, 
            "force_new": false
        }
    }, 
    {
        "pk": 1, 
        "model": "ishtar_common.importerduplicatefield", 
        "fields": {
            "column": 37, 
            "concat_str": null, 
            "field_name": "find__label", 
            "concat": false, 
            "force_new": false
        }
    }, 
    {
        "pk": 15, 
        "model": "ishtar_common.importerduplicatefield", 
        "fields": {
            "column": 9, 
            "concat_str": "-", 
            "field_name": "external_id", 
            "concat": false, 
            "force_new": false
        }
    }, 
    {
        "pk": 16, 
        "model": "ishtar_common.importerduplicatefield", 
        "fields": {
            "column": 12, 
            "concat_str": "-", 
            "field_name": "external_id", 
            "concat": false, 
            "force_new": false
        }
    }, 
    {
        "pk": 17, 
        "model": "ishtar_common.importerduplicatefield", 
        "fields": {
            "column": 26, 
            "concat_str": "-", 
            "field_name": "parcel__external_id", 
            "concat": false, 
            "force_new": false
        }
    }, 
    {
        "pk": 18, 
        "model": "ishtar_common.importerduplicatefield", 
        "fields": {
            "column": 26, 
            "concat_str": "-", 
            "field_name": "external_id", 
            "concat": false, 
            "force_new": false
        }
    }, 
    {
        "pk": 19, 
        "model": "ishtar_common.importerduplicatefield", 
        "fields": {
            "column": 225, 
            "concat_str": "-", 
            "field_name": "external_id", 
            "concat": false, 
            "force_new": false
        }
    }, 
    {
        "pk": 20, 
        "model": "ishtar_common.importerduplicatefield", 
        "fields": {
            "column": 33, 
            "concat_str": "-", 
            "field_name": "external_id", 
            "concat": false, 
            "force_new": false
        }
    }, 
    {
        "pk": 6, 
        "model": "ishtar_common.importerduplicatefield", 
        "fields": {
            "column": 27, 
            "concat_str": "-", 
            "field_name": "external_id", 
            "concat": false, 
            "force_new": false
        }
    }, 
    {
        "pk": 21, 
        "model": "ishtar_common.importerduplicatefield", 
        "fields": {
            "column": 36, 
            "concat_str": "-", 
            "field_name": "external_id", 
            "concat": false, 
            "force_new": false
        }
    }, 
    {
        "pk": 22, 
        "model": "ishtar_common.importerduplicatefield", 
        "fields": {
            "column": 227, 
            "concat_str": "-", 
            "field_name": "external_id", 
            "concat": false, 
            "force_new": false
        }
    }, 
    {
        "pk": 23, 
        "model": "ishtar_common.importerduplicatefield", 
        "fields": {
            "column": 226, 
            "concat_str": "-", 
            "field_name": "external_id", 
            "concat": false, 
            "force_new": false
        }
    }, 
    {
        "pk": 24, 
        "model": "ishtar_common.importerduplicatefield", 
        "fields": {
            "column": 43, 
            "concat_str": "-", 
            "field_name": "external_id", 
            "concat": false, 
            "force_new": false
        }
    }, 
    {
        "pk": 3, 
        "model": "ishtar_common.importerduplicatefield", 
        "fields": {
            "column": 37, 
            "concat_str": "-", 
            "field_name": "external_id", 
            "concat": false, 
            "force_new": false
        }
    }, 
    {
        "pk": 29, 
        "model": "ishtar_common.importerduplicatefield", 
        "fields": {
            "column": 36, 
            "concat_str": "-", 
            "field_name": "find__external_id", 
            "concat": false, 
            "force_new": false
        }
    }, 
    {
        "pk": 28, 
        "model": "ishtar_common.importerduplicatefield", 
        "fields": {
            "column": 227, 
            "concat_str": "-", 
            "field_name": "find__external_id", 
            "concat": false, 
            "force_new": false
        }
    }, 
    {
        "pk": 27, 
        "model": "ishtar_common.importerduplicatefield", 
        "fields": {
            "column": 226, 
            "concat_str": "-", 
            "field_name": "find__external_id", 
            "concat": false, 
            "force_new": false
        }
    }, 
    {
        "pk": 26, 
        "model": "ishtar_common.importerduplicatefield", 
        "fields": {
            "column": 43, 
            "concat_str": "-", 
            "field_name": "find__external_id", 
            "concat": false, 
            "force_new": false
        }
    }, 
    {
        "pk": 25, 
        "model": "ishtar_common.importerduplicatefield", 
        "fields": {
            "column": 37, 
            "concat_str": "-", 
            "field_name": "find__external_id", 
            "concat": false, 
            "force_new": false
        }
    }
]
