"geoid","neighborhood_name","total_pop","assault_index","burglary_index","assault_pc","burglary_pc"
"48397040301","Rowlett",5360,47,59,876.866,1100.75
"48085030100","Blue Ridge",6354,82,73,1290.53,1148.88
"48085030201","Melissa",2669,88,79,3297.12,2959.91
"48085030202","Weston",2065,34,43,1646.49,2082.32
"48085030203","Anna",15155,26,62,171.561,409.106
"48085030301","Tucker Hill",3799,45,50,1184.52,1316.14
"48085030302","Prosper",2366,118,41,4987.32,1732.88
"48085030303","Prosper",6157,121,88,1965.24,1429.27
"48085030304","Prosper",2872,94,91,3272.98,3168.52
"48085030305","Celina/Northwest McKinney",9007,47,55,521.816,610.636
"48085030403","Downtown Frisco",5603,20,57,356.952,1017.31
"48085030404","Frisco (east of Preston)",5914,13,48,219.817,811.633
"48085030405","Preston Vinyards",4911,34,88,692.323,1791.9
"48085030406","Stonebrook",2968,43,117,1448.79,3942.05
"48085030407","Starwood",3948,25,36,633.232,911.854
"48085030408","Downtown Frisco",7019,66,111,940.305,1581.42
"48085030504","Stonebriar",2604,83,117,3187.4,4493.09
"48085030505","Stonebriar",3496,122,175,3489.7,5005.72
"48085030506","Frisco (east of Preston)",2893,14,37,483.927,1278.95
"48085030507","Frisco (east of Preston)",1894,4,26,211.193,1372.76
"48085030508","Frisco (east of Preston)",5822,3,18,51.5287,309.172
"48085030509","Frisco (east of Preston)",2516,9,46,357.711,1828.3
"48085030510","Frisco (east of Preston)",2998,10,35,333.556,1167.44
"48085030511","Frisco (east of Preston)",5147,13,46,252.574,893.725
"48085030512","Frisco (east of Preston)",4321,18,22,416.57,509.141
"48085030513","Craig Ranch",6460,90,89,1393.19,1377.71
"48085030514","Eldorado Heights",6890,11,22,159.652,319.303
"48085030515","Eldorado Heights",6668,9,27,134.973,404.919
"48085030516","Nesbitt Park",5947,28,48,470.826,807.13
"48085030517","North of Craig Ranch",6012,20,37,332.668,615.436
"48085030518","Frisco (east of Preston)",2608,19,35,728.528,1342.02
"48085030519","Frisco (north of Eldorado)",2081,63,83,3027.39,3988.47
"48085030520","Frisco (east of Preston)",5423,17,52,313.48,958.879
"48085030521","Frisco (north of Eldorado)",3622,7,26,193.263,717.835
"48085030522","West McKinney",5757,10,37,173.702,642.696
"48085030523","West McKinney",9387,15,52,159.795,553.958
"48085030524","West McKinney",2432,46,61,1891.45,2508.22
"48085030525","Stonebridge Ranch",6426,18,22,280.112,342.359
"48085030526","Stonebridge Ranch",8917,54,55,605.585,616.799
"48085030527","Stonebridge Ranch",4464,34,44,761.649,985.663
"48085030528","McKinney near Walker Elementary",7889,21,35,266.193,443.656
"48085030529","Stonebridge Ranch",3220,23,34,714.286,1055.9
"48085030530","Stonebridge Ranch",6125,11,27,179.592,440.816
"48085030531","Stonebridge Ranch",5630,16,27,284.192,479.574
"48085030601","Valley Creek",10124,20,42,197.55,414.856
"48085030603","McKinney near Lawson School",7202,40,61,555.401,846.987
"48085030604","McKinney near Courthouse",2862,46,38,1607.27,1327.74
"48085030605","McKinney near Vega Elementary",6868,35,58,509.61,844.496
"48085030701","Central McKinney",3510,50,91,1424.5,2592.59
"48085030702","Central McKinney",4762,75,101,1574.97,2120.96
"48085030801","Central McKinney",3944,51,82,1293.1,2079.11
"48085030802","Central McKinney",5688,67,99,1177.92,1740.51
"48085030900","East McKinney",9532,67,93,702.896,975.661
"48085031001","Lowry Crossing",7518,45,82,598.563,1090.72
"48085031003","Princeton",4266,30,54,703.235,1265.82
"48085031004","Princeton",5829,87,85,1492.54,1458.23
"48085031100","Farmersville - Copeville",9817,83,98,845.472,998.268
"48085031201","Southeast Collin County",5368,43,58,801.043,1080.48
"48085031202","Southeast Collin County",4288,37,51,862.873,1189.37
"48085031308","Wylie",6236,25,47,400.898,753.688
"48085031309","Wylie",9266,44,55,474.854,593.568
"48085031310","Wylie",9750,21,37,215.385,379.487
"48085031311","Wylie",10074,27,41,268.017,406.988
"48085031312","East Plano",6767,14,34,206.886,502.438
"48085031313","Parker",12965,14,16,107.983,123.409
"48085031314","Seis Lago",2533,71,54,2803,2131.86
"48085031315","Murphy",18478,9,21,48.7066,113.649
"48085031316","Breckinridge Park",6440,4,22,62.1118,341.615
"48085031317","Sachse",8636,10,18,115.794,208.43
"48085031405","Allen",19575,21,30,107.28,153.257
"48085031406","Fairview",17374,58,53,333.832,305.054
"48085031407","Lucas",7587,32,50,421.774,659.022
"48085031408","Lucas",3301,7,26,212.057,787.64
"48085031409","East Plano",10761,6,37,55.7569,343.834
"48085031410","Allen",9191,6,30,65.2812,326.406
"48085031411","Parker",5332,4,25,75.0188,468.867
"48085031504","Allen",6808,2,26,29.3772,381.904
"48085031505","Allen",8565,31,31,361.938,361.938
"48085031506","Allen",8335,47,94,563.887,1127.77
"48085031507","Allen",4762,39,52,818.984,1091.98
"48085031508","Allen",6211,64,80,1030.43,1288.04
"48085031611","East Plano",3616,37,72,1023.23,1991.15
"48085031612","East Plano",6189,19,51,306.996,824.043
"48085031613","East Plano",5120,16,43,312.5,839.844
"48085031621","Reflections of Old Shepherd Place",5877,34,84,578.526,1429.3
"48085031622","East Plano",5680,37,61,651.408,1073.94
"48085031623","Pitman Creek North",2569,91,88,3542.23,3425.46
"48085031624","Dallas North Estates",3944,44,75,1115.62,1901.62
"48085031625","River Bend",4475,13,52,290.503,1162.01
"48085031626","East Plano",2470,21,42,850.202,1700.4
"48085031627","Park Boulevard Estates",5154,25,39,485.06,756.694
"48085031628","East Plano",3395,36,52,1060.38,1531.66
"48085031629","East Plano",3758,27,57,718.467,1516.76
"48085031630","North Central Plano",4295,5,31,116.414,721.769
"48085031631","East Plano",4995,31,64,620.621,1281.28
"48085031632","Woods of Sun Creek",5757,25,77,434.254,1337.5
"48085031633","East Plano",3878,6,52,154.719,1340.9
"48085031634","East Plano",3277,25,70,762.893,2136.1
"48085031635","East Plano",4182,54,94,1291.25,2247.73
"48085031636","East Plano",6592,14,50,212.379,758.495
"48085031637","West Plano",6658,3,21,45.0586,315.41
"48085031638","West Plano",7339,3,5,40.8775,68.1292
"48085031639","West Plano",6403,26,46,406.06,718.413
"48085031640","North Central Plano",8005,40,48,499.688,599.625
"48113016517","Duncanville",4142,73,171,1762.43,4128.44
"48085031641","North Central Plano",6644,4,10,60.2047,150.512
"48085031642","North Central Plano",4622,3,17,64.907,367.806
"48085031643","East Plano",4464,11,49,246.416,1097.67
"48085031645","West Plano",2062,13,28,630.456,1357.9
"48085031646","West Plano",5638,15,36,266.052,638.524
"48085031647","Glen Meadows",3110,27,77,868.167,2475.88
"48085031648","West Plano",7710,28,44,363.165,570.687
"48085031649","West Plano",4498,45,75,1000.44,1667.41
"48085031652","West Plano",7436,24,66,322.754,887.574
"48085031653","West Plano",7027,7,41,99.6158,583.464
"48085031654","West Plano",3996,6,17,150.15,425.425
"48085031655","Preston Ridge",4873,29,61,595.116,1251.8
"48085031656","Midway Park",2466,71,85,2879.16,3446.88
"48085031657","West Plano",1957,236,208,12059.3,10628.5
"48085031658","West Plano",4479,137,145,3058.72,3237.33
"48085031659","West Plano",2179,145,100,6654.43,4589.26
"48085031660","West Plano",4161,56,89,1345.83,2138.91
"48085031661","West Plano",2838,20,55,704.722,1937.98
"48085031662","West Plano",5181,7,14,135.109,270.218
"48085031663","West Plano",3501,6,43,171.38,1228.22
"48085031664","West Plano",4128,16,28,387.597,678.295
"48085031704","Bent Tree",3641,62,156,1702.83,4284.54
"48085031706","Bent Tree",2221,12,91,540.297,4097.25
"48085031708","Prestonwood West",3705,68,185,1835.36,4993.25
"48085031709","Prestonwood",4578,30,133,655.308,2905.2
"48085031711","Bent Tree",2962,10,166,337.61,5604.32
"48085031712","Bent Tree",5274,53,180,1004.93,3412.97
"48085031713","Bent Tree",4163,144,216,3459.04,5188.57
"48085031714","Bent Tree",5696,252,184,4424.16,3230.34
"48085031715","Bent Tree",2488,23,133,924.437,5345.66
"48085031716","Bent Tree",2032,62,182,3051.18,8956.69
"48085031717","Prestonwood",2640,62,175,2348.48,6628.79
"48085031718","Prestonwood",2593,22,119,848.438,4589.28
"48085031719","Prestonwood",1753,13,144,741.586,8214.49
"48085031720","Prestonwood",4662,151,183,3238.95,3925.35
"48085031802","East Plano",5816,63,84,1083.22,1444.29
"48085031804","Canyon Creek",3990,60,98,1503.76,2456.14
"48085031805","Spring Creek Preserve area",5320,25,52,469.925,977.444
"48085031806","Canyon Creek",1976,24,81,1214.57,4099.19
"48085031807","East Plano",4997,60,58,1200.72,1160.7
"48085031900","Douglas Community",4557,106,113,2326.09,2479.7
"48085032003","East Plano",5495,78,99,1419.47,1801.64
"48085032004","East Plano",8172,39,65,477.239,795.399
"48085032008","East Plano",4076,26,69,637.88,1692.84
"48085032009","Breckinridge Park",6998,9,53,128.608,757.359
"48085032010","East Plano",4892,21,62,429.272,1267.38
"48085032011","Breckinridge Park",6382,7,39,109.683,611.094
"48085032012","East Plano",4300,38,82,883.721,1906.98
"48085032013","East Plano",5989,40,83,667.891,1385.87
"48113000100","Lakewood",3923,57,121,1452.97,3084.37
"48113000201","Wilshire Heights",2927,62,162,2118.21,5534.68
"48113000202","M Streets",3465,98,193,2828.28,5569.99
"48113000300","M Streets",4243,69,168,1626.21,3959.46
"48113000401","Oak Lawn",5816,84,114,1444.29,1960.11
"48113000404","Oak Lawn",3630,35,94,964.187,2589.53
"48113000405","Oak Lawn",2222,179,190,8055.81,8550.85
"48113000406","Grauwyler Park",7824,215,378,2747.96,4831.29
"48113000500","Oak Lawn",4441,65,132,1463.63,2972.3
"48113000601","Oak Lawn",6450,84,158,1302.33,2449.61
"48113000603","Oak Lawn",4033,85,177,2107.61,4388.79
"48113000605","Oak Lawn",2250,63,117,2800,5200
"48113000606","Turtle Creek (Oak Lawn)",3024,51,106,1686.51,3505.29
"48113000701","Uptown",4559,64,177,1403.82,3882.43
"48113000702","Knox-Henderson",2790,83,187,2974.91,6702.51
"48113000800","Henderson",6656,130,198,1953.12,2974.76
"48113000900","Henderson",4225,163,207,3857.99,4899.41
"48113001001","Vickery Place",1662,91,175,5475.33,10529.5
"48113001002","Lower Greenville & Belmont",2112,97,185,4592.8,8759.47
"48113001101","Lower Greenville & Belmont",3453,109,212,3156.68,6139.59
"48113001102","Lakewood Heights",2541,108,210,4250.29,8264.46
"48113001202","Hollywood Heights/Santa Monica",3468,118,184,3402.54,5305.65
"48113001203","Hollywood Heights/Santa Monica",1599,75,162,4690.43,10131.3
"48113001204","Hollywood Heights/Santa Monica",3069,103,193,3356.14,6288.69
"48113001301","Junius Heights",2393,73,159,3050.56,6644.38
"48113001302","Munger Place",2249,140,194,6224.99,8626.06
"48113001400","Swiss Avenue",3771,129,197,3420.84,5224.08
"48113001502","Peak's Addition",3076,122,185,3966.19,6014.3
"48113001503","Henderson",3291,151,204,4588.27,6198.72
"48113001504","Peak's Addition",2570,172,221,6692.61,8599.22
"48113001600","Bryan Place/Cityplace",4198,233,335,5550.26,7979.99
"48113001701","Downtown Dallas",362,1089,1567,300829,432873
"48113001703","Uptown",3271,152,312,4646.9,9538.37
"48113001704","Uptown",1327,116,198,8741.52,14920.9
"48113001800","Uptown",3654,59,146,1614.67,3995.62
"48113001900","Victory",4873,151,196,3098.71,4022.16
"48113002000","Lake Cliff",5104,108,199,2115.99,3898.9
"48113002100","Downtown Dallas",1706,717,506,42028.1,29660
"48113002200","Deep Ellum",2094,190,266,9073.54,12703
"48113002400","Mount Auburn",3308,103,178,3113.66,5380.89
"48113002500","South Dallas",4592,146,223,3179.44,4856.27
"48113002701","South Dallas",2672,243,297,9094.31,11115.3
"48113002702","South Dallas",1616,235,319,14542.1,19740.1
"48113003101","Downtown Dallas",3004,313,254,10419.4,8455.39
"48113003400","South Dallas",1383,233,279,16847.4,20173.5
"48113003700","Wheatley Place and Bertrand",3249,207,310,6371.19,9541.4
"48113003800","South Dallas",1915,248,327,12950.4,17075.7
"48113003901","South Dallas",1985,254,313,12796,15768.3
"48113003902","South Dallas",1892,184,290,9725.16,15327.7
"48113004000","South Dallas",984,221,298,22459.3,30284.6
"48113004100","East Oak Cliff",979,248,291,25332,29724.2
"48113004201","Kidd Springs",4367,98,194,2244.1,4442.41
"48113004202","West Kessler",2545,65,136,2554.03,5343.81
"48113004300","West Dallas",1885,110,222,5835.54,11777.2
"48113004400","Kessler Park",3426,50,151,1459.43,4407.47
"48113004500","Kessler Plaza",5884,45,160,764.786,2719.24
"48113004600","Winnetka Heights",1551,92,133,5931.66,8575.11
"48113004700","North Oak Cliff",3963,90,171,2271.01,4314.91
"48113004800","Lake Cliff",2619,95,162,3627.34,6185.57
"48113004900","Ewing-Corinth",4306,165,282,3831.86,6549
"48113005000","North Oak Cliff",4511,52,152,1152.74,3369.54
"48113005100","North Oak Cliff",3075,50,169,1626.02,5495.94
"48113005200","North Oak Cliff",4700,65,194,1382.98,4127.66
"48113005300","West Oak Cliff",7358,33,159,448.491,2160.91
"48113005400","Herndon Park",5432,116,248,2135.49,4565.54
"48113005500","East Oak Cliff",3706,148,256,3993.52,6907.72
"48113005600","Beckley/Saner",8179,111,219,1357.13,2677.59
"48113005700","East Oak Cliff",4277,172,289,4021.51,6757.07
"48113005901","Glendale Heights",4877,163,271,3342.22,5556.69
"48113005902","Marsalis Park",4067,157,242,3860.34,5950.33
"48113006001","Wynnewood Heights",4126,65,147,1575.38,3562.77
"48113006002","Central Oak Cliff",5563,266,168,4781.59,3019.95
"48113006100","Central Oak Cliff",4630,133,219,2872.57,4730.02
"48113006200","Wynnewood North",5734,97,209,1691.66,3644.93
"48113006301","Central Oak Cliff",6037,24,131,397.548,2169.95
"48113006302","Elmwood",4385,38,146,866.591,3329.53
"48113006401","West Oak Cliff",2631,34,154,1292.28,5853.29
"48113006402","West Oak Cliff",6042,47,152,777.888,2515.72
"48113006501","West Oak Cliff",6140,56,167,912.052,2719.87
"48113006502","West Oak Cliff",4289,49,164,1142.46,3823.74
"48113006700","West Oak Cliff",7968,39,131,489.458,1644.08
"48113006800","El Tivoli Place",5462,42,155,768.949,2837.79
"48113006900","Stevens Park",3598,100,177,2779.32,4919.4
"48113007101","Greenway Parks/Greenway Crest",2106,100,167,4748.34,7929.72
"48113007102","NorthPark",6173,140,284,2267.94,4600.68
"48113007201","Bachman",8732,91,170,1042.14,1946.86
"48113007202","Bachman",8182,76,160,928.868,1955.51
"48113007301","Devonshire",2049,143,206,6979.01,10053.7
"48113007302","Inwood-Northwest",4799,63,166,1312.77,3459.05
"48113007601","Preston Hollow",1927,22,41,1141.67,2127.66
"48113007604","Preston Hollow",3263,32,59,980.693,1808.15
"48113007605","Preston Hollow",1913,12,36,627.287,1881.86
"48113007700","Preston Hollow East",4758,38,71,798.655,1492.22
"48121020106","Cross Roads",6325,14,53,221.344,837.945
"48113007801","North Dallas",2206,88,151,3989.12,6844.97
"48113007804","Lake Highlands",5465,252,300,4611.16,5489.48
"48113007805","Lake Highlands",3230,85,140,2631.58,4334.37
"48113007809","Lake Highlands",2178,131,184,6014.69,8448.12
"48113007810","Lake Highlands",3578,204,230,5701.51,6428.17
"48113007811","Lake Highlands",5637,253,231,4488.2,4097.92
"48113007812","Lake Highlands",3041,26,107,854.982,3518.58
"48113007815","Vickery Place",4813,162,182,3365.88,3781.43
"48113007818","Vickery Place",5637,239,184,4239.84,3264.15
"48113007819","Vickery Place",2027,389,262,19190.9,12925.5
"48113007820","Woodridge",6119,113,176,1846.71,2876.29
"48113007821","Vickery Meadows",3503,86,135,2455.04,3853.84
"48113007822","Vickery Place",1280,418,291,32656.2,22734.4
"48113007823","Vickery Meadows",1039,239,170,23002.9,16361.9
"48113007824","Lake Highlands",1745,25,68,1432.66,3896.85
"48113007825","Vickery Place",5504,99,163,1798.69,2961.48
"48113007826","Lake Highlands",272,72,109,26470.6,40073.5
"48113007827","Lake Highlands",2384,129,192,5411.07,8053.69
"48113007902","Ridgewood Park",4911,76,153,1547.55,3115.46
"48113007903","Northeast Dallas",1947,109,188,5598.36,9655.88
"48113007906","North Dallas",2483,68,94,2738.62,3785.74
"48113007909","The Village",2096,282,277,13454.2,13215.6
"48113007910","The Village",3166,121,277,3821.86,8749.21
"48113007911","The Village",3071,78,272,2539.89,8857.05
"48113007912","The Village",1773,267,269,15059.2,15172
"48113007913","Mockingbird Station/Greenville Avenue",2553,127,208,4974.54,8147.28
"48113007914","Mockingbird Station/Greenville Avenue",2733,66,145,2414.93,5305.52
"48113008000","Lakewood",6707,44,109,656.031,1625.17
"48113008100","Little Forest Hills",6649,51,143,767.033,2150.7
"48113008200","Lake Park Estates",4199,90,150,2143.37,3572.28
"48113008400","Urbandale/Parkdale",8937,32,166,358.062,1857.45
"48113008500","Buckner Terrace",5540,86,171,1552.35,3086.64
"48113008603","East Oak Cliff",1223,229,289,18724.4,23630.4
"48113008604","East Oak Cliff",3005,276,306,9184.69,10183
"48113008701","East Oak Cliff",4016,237,296,5901.39,7370.52
"48113008703","Exeter Wilhurt",2807,151,283,5379.41,10081.9
"48113008704","East Oak Cliff",3083,222,299,7200.78,9698.35
"48113008705","Highland Hills",1335,226,315,16928.8,23595.5
"48113008801","Cedar Crest Village",2365,135,256,5708.25,10824.5
"48113008802","Deerpath Park",5863,191,298,3257.72,5082.72
"48113008900","Moore Park",3072,201,320,6542.97,10416.7
"48113009000","Pleasant Grove",8437,119,207,1410.45,2453.48
"48113009101","Pleasant Grove",5623,86,183,1529.43,3254.49
"48113009103","Pleasant Grove",4077,77,181,1888.64,4439.54
"48113009104","Pleasant Grove",3969,63,179,1587.3,4509.95
"48113009105","Pleasant Grove",3904,33,134,845.287,3432.38
"48113009201","Pleasant Grove",6744,48,161,711.744,2387.31
"48113009202","Pleasant Grove",5787,38,144,656.644,2488.34
"48113009301","Pleasant Grove",5918,45,165,760.392,2788.1
"48113009303","Pleasant Grove",4005,132,199,3295.88,4968.79
"48113009304","Pleasant Grove",6067,227,267,3741.55,4400.86
"48113009401","Midway Hollow",3739,45,150,1203.53,4011.77
"48113009402","Midway Hollow",2400,53,167,2208.33,6958.33
"48113009500","Walnut Hill",2305,35,92,1518.44,3991.32
"48113009603","North Dallas",4775,69,99,1445.03,2073.3
"48113009604","McShann Estates",4448,75,128,1686.15,2877.7
"48113009605","Westhollow",3454,81,143,2345.11,4140.13
"48113009607","West Dallas",3868,34,91,879.007,2352.64
"48113009608","Westhollow",4051,69,134,1703.28,3307.83
"48113009609","Westhollow",2818,33,73,1171.04,2590.49
"48113009610","Westhollow",5329,288,175,5404.39,3283.92
"48113009611","West Dallas",3411,57,125,1671.06,3664.61
"48113009701","Northwest Dallas",5338,97,162,1817.16,3034.84
"48113009702","Walnut Hill",3029,44,118,1452.62,3895.68
"48113009802","Bachman",6086,35,115,575.09,1889.58
"48113009803","Park Lane",2176,86,175,3952.21,8042.28
"48113009804","Bachman",8633,107,167,1239.43,1934.44
"48113009900","Northwest Dallas",2596,228,375,8782.74,14445.3
"48113010000","Design District",11570,115,121,993.95,1045.81
"48113010101","West Dallas",4784,161,249,3365.38,5204.85
"48113010102","West Dallas",3238,81,182,2501.54,5620.75
"48113010500","West Dallas",3230,99,198,3065.02,6130.03
"48113010601","West Dallas",6053,74,181,1222.53,2990.25
"48113010602","West Dallas",2891,121,218,4185.4,7540.64
"48113010701","West Oak Cliff",4891,66,190,1349.42,3884.69
"48113010703","West Oak Cliff",2773,104,166,3750.45,5986.3
"48113010704","West Oak Cliff",4761,112,207,2352.45,4347.83
"48113010801","West Oak Cliff",10243,49,145,478.375,1415.6
"48113010803","West Oak Cliff",6352,118,182,1857.68,2865.24
"48113010804","West Oak Cliff",4299,288,227,6699.23,5280.3
"48113010805","West Oak Cliff",6479,78,158,1203.89,2438.65
"48113010902","Redbird",6624,360,317,5434.78,4785.63
"48113010903","Redbird",3712,137,215,3690.73,5792.03
"48113010904","Redbird",3426,265,294,7734.97,8581.44
"48113011001","Twin Oaks",6943,120,208,1728.36,2995.82
"48113011002","Glen Oaks",3349,121,199,3613.02,5942.07
"48113011101","Redbird",3779,177,263,4683.78,6959.51
"48113011103","Redbird",3514,97,212,2760.39,6033.01
"48113011104","Polk Terrace",3242,177,254,5459.59,7834.67
"48113011105","Redbird",3596,246,248,6840.93,6896.55
"48113011200","Southeast Oak Cliff",6953,203,279,2919.6,4012.66
"48113011300","Southeast Oak Cliff",4536,184,293,4056.44,6459.44
"48113011401","Highland Hills",4897,303,332,6187.46,6779.66
"48113011500","South Dallas",2496,134,204,5368.59,8173.08
"48113011601","Pleasant Grove",4262,186,270,4364.15,6335.05
"48113011602","Pleasant Grove",6845,47,144,686.633,2103.73
"48113011701","Pleasant Grove",7293,90,192,1234.06,2632.66
"48113011702","Pleasant Grove",5465,100,171,1829.83,3129
"48113011800","Pleasant Grove",9208,158,222,1715.9,2410.95
"48113011900","Pleasant Grove",9448,109,198,1153.68,2095.68
"48113012000","Bruton Terrace",7511,108,184,1437.89,2449.74
"48113012100","Riverway Estates",5793,147,257,2537.55,4436.39
"48113012204","Ferguson Road",6127,123,199,2007.51,3247.92
"48113012206","Buckner Terrace",4640,116,200,2500,4310.34
"48113012207","Everglade Park",7971,250,250,3136.37,3136.37
"48113012208","Forest Hills",2951,194,230,6574.04,7793.97
"48113012209","Forest Hills",3301,95,159,2877.92,4816.72
"48113012210","White Rock Hills",3812,185,241,4853.1,6322.14
"48113012211","Ferguson Road",4180,173,230,4138.76,5502.39
"48113012301","Ferguson Road",5329,78,148,1463.69,2777.26
"48113012302","Hillview Terrace",7352,191,244,2597.93,3318.82
"48113012400","White Rock Forest",5377,36,117,669.518,2175.93
"48113012500","Ferguson Road",7652,22,144,287.507,1881.86
"48113012601","Ferguson Road",6504,73,163,1122.39,2506.15
"48113012603","Ferguson Road",2179,27,118,1239.1,5415.33
"48113012604","Ferguson Road",6515,120,188,1841.9,2885.65
"48113012701","Ferguson Road",6937,46,182,663.111,2623.61
"48113012702","Ferguson Road",3403,19,159,558.331,4672.35
"48113012800","Lochwood",7970,63,161,790.464,2020.08
"48113012900","Lake Highlands",4335,48,139,1107.27,3206.46
"48113013004","Lake Highlands",6297,32,79,508.178,1254.57
"48113013005","Lake Highlands",3194,69,105,2160.3,3287.41
"48113013007","Lake Highlands",3138,72,145,2294.46,4620.78
"48113013008","Lake Highlands",3459,85,114,2457.36,3295.75
"48113013009","Lake Highlands",4521,118,156,2610.04,3450.56
"48113013010","Lake Highlands",4824,139,235,2881.43,4871.48
"48113013011","Highland Meadows",4809,172,236,3576.63,4907.47
"48113013101","North Dallas",2560,21,78,820.312,3046.88
"48113013102","North Dallas",1656,27,76,1630.43,4589.37
"48113013104","North Dallas",1007,54,132,5362.46,13108.2
"48113013105","North Dallas",6153,86,160,1397.69,2600.36
"48113013200","North Dallas",6553,110,193,1678.62,2945.22
"48113013300","Preston Hollow",2191,57,124,2601.55,5659.52
"48113013400","Preston Royal",2069,44,76,2126.63,3673.27
"48113013500","Preston Hollow",2371,45,93,1897.93,3922.4
"48113013605","Prestonwood",5312,40,77,753.012,1449.55
"48113013606","Prestonwood",6233,49,134,786.138,2149.85
"48113013607","Spring Creek Village",3676,48,74,1305.77,2013.06
"48113013608","Northwood",2423,86,150,3549.32,6190.67
"48113013609","Northwood Hills",4178,103,117,2465.29,2800.38
"48113013610","Valley View",4391,86,146,1958.55,3324.98
"48113013611","Bent Tree",2333,79,128,3386.2,5486.5
"48113013615","635 & Tollway (North Dallas)",5151,124,216,2407.3,4193.36
"48113013616","Addison",5815,178,180,3061.05,3095.44
"48113013617","Prestonwood",2921,68,154,2327.97,5272.17
"48113013618","Prestonwood",2306,39,109,1691.24,4726.8
"48113013619","Prestonwood",4898,19,96,387.913,1959.98
"48113013620","Prestonwood",4189,189,211,4511.82,5037
"48113013621","Prestonwood",3732,89,179,2384.78,4796.36
"48113013622","Addison",2997,75,180,2502.5,6006.01
"48113013623","635 & Tollway (North Dallas)",6850,71,180,1036.5,2627.74
"48113013624","635 & Tollway (North Dallas)",3273,86,206,2627.56,6293.92
"48113013625","635 & Tollway (North Dallas)",3201,222,251,6935.33,7841.3
"48113013626","North Dallas",3066,199,239,6490.54,7795.17
"48113013711","Farmers Branch",3295,41,90,1244.31,2731.41
"48113013712","Farmers Branch",2367,10,57,422.476,2408.11
"48113013713","Carrollton",1786,134,178,7502.8,9966.41
"48113013714","Carrollton",6589,59,105,895.432,1593.57
"48113013715","Carrollton",2504,28,77,1118.21,3075.08
"48113013716","Carrollton",5042,46,108,912.336,2142.01
"48113013717","Carrollton",2727,58,97,2126.88,3557.02
"48113013718","Carrollton",5317,39,86,733.496,1617.45
"48113013719","Carrollton",3704,50,119,1349.89,3212.74
"48113013720","Carrollton",5780,54,104,934.256,1799.31
"48113013721","Carrollton",6224,19,86,305.27,1381.75
"48113013722","Carrollton",3456,59,138,1707.18,3993.06
"48113013725","Carrollton",4008,71,132,1771.46,3293.41
"48113013726","Addison",3316,37,86,1115.8,2593.49
"48113013727","Addison",3079,103,133,3345.24,4319.58
"48113013803","Farmers Branch",5640,12,62,212.766,1099.29
"48113013804","Farmers Branch",3208,22,96,685.786,2992.52
"48113013805","Addison",3344,148,117,4425.84,3498.8
"48113013806","Farmers Branch",3264,102,190,3125,5821.08
"48113013901","Farmers Branch",3261,76,237,2330.57,7267.71
"48113013902","Farmers Branch",4160,19,74,456.731,1778.85
"48113014001","Farmers Branch",4302,48,157,1115.76,3649.47
"48113014002","Carrollton",103,434,718,421359,697087
"48113014103","Irving (other)",3306,257,189,7773.75,5716.88
"48113014113","Irving (other)",5026,71,124,1412.65,2467.17
"48113014114","Irving (other)",3284,107,126,3258.22,3836.78
"48113014115","Irving (other)",7610,66,81,867.28,1064.39
"48113014116","Irving (other)",4422,161,117,3640.89,2645.86
"48113014119","Coppell",4030,12,26,297.767,645.161
"48113014120","Coppell",5121,10,43,195.274,839.68
"48113014121","Coppell",5042,85,129,1685.84,2558.51
"48113014123","Coppell",6109,39,57,638.402,933.05
"48113014124","Hackberry Creek",4310,75,105,1740.14,2436.19
"48113014126","Coppell",6396,26,54,406.504,844.278
"48113014127","Coppell",8159,18,49,220.615,600.564
"48113014128","Valley Ranch",3554,23,69,647.158,1941.47
"48113014129","Irving (other)",5383,6,56,111.462,1040.31
"48113014130","Irving (other)",4114,50,122,1215.36,2965.48
"48113014131","Valley Ranch",4276,55,118,1286.25,2759.59
"48113014132","Irving (other)",2260,55,103,2433.63,4557.52
"48113014133","Irving (other)",4390,156,136,3553.53,3097.95
"48113014134","Coppell",4046,6,22,148.295,543.747
"48113014135","Coppell",4485,21,35,468.227,780.379
"48113014136","Irving (other)",5753,126,131,2190.16,2277.07
"48113014137","Irving (other)",4179,97,101,2321.13,2416.85
"48113014138","Las Colinas",3732,66,102,1768.49,2733.12
"48113014203","Irving (other)",3461,56,74,1618.03,2138.11
"48113014204","University of Dallas",2057,71,111,3451.63,5396.21
"48113014205","Las Colinas",1534,94,118,6127.77,7692.31
"48113014206","Las Colinas",4345,90,126,2071.35,2899.89
"48113014302","Irving (other)",6697,45,80,671.943,1194.56
"48113014306","Irving (other)",5730,47,78,820.244,1361.26
"48113014307","Irving (other)",4019,49,78,1219.21,1940.78
"48113014308","Irving (other)",4064,77,82,1894.69,2017.72
"48113014309","Thomas Jefferson Park",5182,133,112,2566.58,2161.33
"48113014310","Irving (other)",4505,97,106,2153.16,2352.94
"48113014311","Beltline and Northgate",4841,97,118,2003.72,2437.51
"48113014312","Las Colinas",5604,64,109,1142.04,1945.04
"48113014403","Irving (other)",4279,92,122,2150.04,2851.13
"48113014405","Irving (other)",3408,63,88,1848.59,2582.16
"48113014406","Irving (other)",4149,55,85,1325.62,2048.69
"48113014407","Irving (other)",5034,82,125,1628.92,2483.11
"48113014408","Irving (other)",4299,32,85,744.359,1977.2
"48113014501","Irving (other)",3598,41,65,1139.52,1806.56
"48113014502","Irving (other)",4660,54,76,1158.8,1630.9
"48113014601","Irving (other)",2144,47,72,2192.16,3358.21
"48113014602","Irving (other)",4752,69,87,1452.02,1830.81
"48113014603","Irving (other)",1735,58,80,3342.94,4610.95
"48113014701","Irving (other)",4442,40,87,900.495,1958.58
"48113014702","Irving (other)",4080,41,72,1004.9,1764.71
"48113014703","Irving (other)",1697,58,63,3417.8,3712.43
"48113014901","Downtown Irving",1650,39,72,2363.64,4363.64
"48113014902","Irving (other)",2240,83,91,3705.36,4062.5
"48113015000","Irving (other)",8002,19,74,237.441,924.769
"48113015100","Irving (other)",6731,22,62,326.846,921.111
"48113015202","Irving (other)",4122,48,79,1164.48,1916.55
"48113015204","Irving (other)",7656,19,53,248.171,692.267
"48113015205","Irving (other)",4348,22,62,505.98,1425.94
"48113015206","Irving (other)",3875,36,58,929.032,1496.77
"48113015303","Northwest Grand Prairie",2124,44,90,2071.56,4237.29
"48113015304","Northwest Grand Prairie",3683,23,68,624.491,1846.32
"48113015305","Irving (other)",4546,35,78,769.908,1715.79
"48113015306","Irving (other)",5219,21,57,402.376,1092.16
"48113015401","Grand Prairie (other)",6515,66,98,1013.05,1504.22
"48113015403","Grand Prairie (other)",3366,135,117,4010.7,3475.94
"48113015404","Grand Prairie (other)",4055,164,159,4044.39,3921.09
"48113015500","Grand Prairie (other)",3602,89,143,2470.85,3970.02
"48113015600","Grand Prairie (other)",5190,41,115,789.981,2215.8
"48113015700","Northeast Grand Prairie",2902,35,110,1206.06,3790.49
"48113015800","Grand Prairie (other)",2307,37,108,1603.81,4681.4
"48113015900","Grand Prairie (other)",4185,81,143,1935.48,3416.97
"48113016001","Grand Prairie (other)",4921,65,131,1320.87,2662.06
"48113016002","Grand Prairie (other)",2732,83,142,3038.07,5197.66
"48113016100","Grand Prairie (other)",3608,188,179,5210.64,4961.2
"48113016201","Grand Prairie (other)",5061,83,124,1639.99,2450.11
"48113016202","Grand Prairie (other)",7638,96,119,1256.87,1558
"48113016301","Grand Prairie (other)",6671,33,107,494.678,1603.96
"48113016302","Grand Prairie (other)",2209,76,117,3440.47,5296.51
"48113016401","Grand Prairie (other)",9801,25,95,255.076,969.289
"48113016406","Grand Prairie (other)",4952,68,115,1373.18,2322.29
"48113016407","Grand Prairie (other)",7239,71,120,980.798,1657.69
"48113016408","Grand Prairie (other)",6920,26,86,375.723,1242.77
"48113016409","Grand Prairie (other)",3576,14,71,391.499,1985.46
"48113016410","Grand Prairie (other)",5374,34,76,632.676,1414.22
"48113016411","Grand Prairie (other)",8990,10,78,111.235,867.631
"48113016412","Grand Prairie (other)",4479,18,82,401.875,1830.77
"48113016413","Grand Prairie (other)",6546,31,87,473.572,1329.06
"48113016502","Duncanville",6963,55,148,789.889,2125.52
"48113016509","Duncanville",6053,44,134,726.912,2213.78
"48113016510","Mountain Creek",12253,72,167,587.611,1362.93
"48113016511","Next to Cedar Hill",3612,60,190,1661.13,5260.24
"48113016513","Duncanville",5243,50,124,953.653,2365.06
"48113016514","Cedar Hill",7395,46,123,622.042,1663.29
"48113016516","Duncanville",5844,76,142,1300.48,2429.84
"48113016518","Duncanville",5000,62,141,1240,2820
"48113016519","Duncanville",2508,59,115,2352.47,4585.33
"48113016520","Mountain Creek",7869,125,216,1588.51,2744.95
"48113016521","Mountain Creek",5292,107,152,2021.92,2872.26
"48113016522","Cedar Hill",3553,31,87,872.502,2448.64
"48113016523","Cedar Hill",4549,25,60,549.571,1318.97
"48113016605","Redbird",7626,214,297,2806.19,3894.57
"48113016606","Duncanville",7202,69,186,958.067,2582.62
"48113016607","Redbird",3305,339,326,10257.2,9863.84
"48113016610","DeSoto",4312,95,198,2203.15,4591.84
"48113016611","DeSoto",6487,68,158,1048.25,2435.64
"48113016612","DeSoto",13353,54,137,404.404,1025.99
"48113016615","Cedar Hill",3967,43,116,1083.94,2924.12
"48113016616","Cedar Hill",5886,42,105,713.558,1783.89
"48113016617","DeSoto",4647,36,127,774.693,2732.95
"48113016618","DeSoto",4357,88,185,2019.74,4246.04
"48113016619","DeSoto",3790,99,186,2612.14,4907.65
"48113016620","DeSoto",5225,64,153,1224.88,2928.23
"48113016621","DeSoto",4813,83,153,1724.5,3178.89
"48113016622","Glenn Heights",4168,131,145,3142.99,3478.89
"48113016623","Glenn Heights",6331,106,128,1674.3,2021.8
"48113016624","Cedar Hill",3075,46,106,1495.93,3447.15
"48113016625","Cedar Hill",9600,54,122,562.5,1270.83
"48113016626","Cedar Hill",4734,86,159,1816.65,3358.68
"48113016701","Southeast Oak Cliff",6564,182,277,2772.7,4219.99
"48113016703","Lancaster",10687,99,226,926.359,2114.72
"48113016704","Lancaster",4156,112,221,2694.9,5317.61
"48113016705","Lancaster",7121,101,202,1418.34,2836.68
"48113016802","Lancaster",3271,67,156,2048.3,4769.18
"48113016803","Lancaster",5830,65,182,1114.92,3121.78
"48113016804","Lancaster",8317,90,197,1082.12,2368.64
"48113016902","Hutchins",6451,88,151,1364.13,2340.72
"48113017001","Seagoville",9173,33,108,359.751,1177.37
"48113017003","Seagoville",9961,19,119,190.744,1194.66
"48113017004","Pleasant Grove",8587,28,107,326.074,1246.07
"48113017101","Pleasant Grove",5105,54,144,1057.79,2820.76
"48113017102","Pleasant Grove",4565,46,135,1007.67,2957.28
"48113017201","Balch Springs",5676,311,176,5479.21,3100.78
"48113017202","Balch Springs",8868,201,144,2266.58,1623.82
"48113017301","Balch Springs",6066,122,116,2011.21,1912.3
"48113017303","Mesquite (other)",7312,25,109,341.904,1490.7
"48113017304","Mesquite (other)",10233,10,103,97.723,1006.55
"48113017305","Mesquite (other)",9980,22,83,220.441,831.663
"48113017306","Mesquite (other)",8032,23,102,286.355,1269.92
"48113017400","Mesquite (other)",5565,43,147,772.686,2641.51
"48113017500","Mesquite (other)",3930,53,147,1348.6,3740.46
"48113017602","Mesquite (other)",4250,78,177,1835.29,4164.71
"48113017604","Mesquite (other)",3353,86,161,2564.87,4801.67
"48113017605","Pleasant Grove",4072,78,221,1915.52,5427.31
"48113017606","Mesquite (other)",4725,62,189,1312.17,4000
"48113017702","Mesquite (other)",7972,53,167,664.827,2094.83
"48113017703","Mesquite (other)",4517,73,187,1616.12,4139.92
"48113017704","Mesquite (other)",5588,74,201,1324.27,3596.99
"48113017804","Mesquite (other)",6931,104,192,1500.51,2770.16
"48113017805","Mesquite (other)",6398,138,189,2156.92,2954.05
"48113017806","Mesquite (other)",4715,105,195,2226.94,4135.74
"48113017807","Mesquite (other)",6615,161,197,2433.86,2978.08
"48113017808","Mesquite (other)",4629,31,133,669.691,2873.19
"48113017811","Mesquite (other)",4423,21,93,474.791,2102.65
"48113017812","Moss Farm",2354,74,148,3143.59,6287.17
"48113017813","Mesquite (other)",5791,107,205,1847.69,3539.98
"48113017814","Mesquite (other)",5684,39,123,686.137,2163.97
"48113017900","Casa View Heights",5141,64,167,1244.89,3248.4
"48113018001","Mesquite (other)",6056,47,150,776.09,2476.88
"48113018002","Mesquite (other)",3464,77,180,2222.86,5196.31
"48113018104","Sunnyvale",7217,27,96,374.117,1330.19
"48113018105","Garland (other)",6275,46,148,733.068,2358.57
"48113018110","Garland (other)",4860,30,104,617.284,2139.92
"48113018111","Garland (other)",6934,60,147,865.301,2119.99
"48113018118","Garland (other)",7825,66,162,843.451,2070.29
"48113018120","Garland (other)",5253,7,77,133.257,1465.83
"48113018121","Springfield Park",5840,15,112,256.849,1917.81
"48113018122","Sachse",13507,18,47,133.264,347.968
"48113018123","Garland (other)",7597,20,112,263.262,1474.27
"48113018124","Rowlett",16812,21,39,124.911,231.977
"48113018126","Garland (other)",6685,37,95,553.478,1421.09
"48113018127","Garland (other)",3365,57,132,1693.91,3922.73
"48113018128","Garland (other)",5650,59,176,1044.25,3115.04
"48113018129","Old Lake Highlands",4420,50,147,1131.22,3325.79
"48113018130","Mesquite (other)",3865,90,213,2328.59,5511
"48113018132","Garland (other)",5799,40,125,689.774,2155.54
"48113018133","Rowlett",3696,110,85,2976.19,2299.78
"48113018134","Rowlett",5461,30,59,549.35,1080.39
"48113018135","Rowlett",4148,54,80,1301.83,1928.64
"48113018136","Rowlett",8295,23,55,277.275,663.05
"48113018137","Garland (other)",3756,40,138,1064.96,3674.12
"48113018138","Garland (other)",4610,77,180,1670.28,3904.56
"48113018139","Rowlett",7208,16,37,221.976,513.319
"48113018140","Rowlett",5279,81,53,1534.38,1003.98
"48113018141","Garland (other)",3436,48,170,1396.97,4947.61
"48113018142","Garland (other)",3303,12,119,363.306,3602.79
"48113018203","Garland (other)",6455,28,152,433.772,2354.76
"48113018204","Garland (other)",4598,69,205,1500.65,4458.46
"48113018205","Garland (other)",4707,22,160,467.389,3399.19
"48113018206","Centerville",5080,23,162,452.756,3188.98
"48113018300","Garland (other)",7134,22,142,308.382,1990.47
"48113018401","Garland (other)",5192,53,125,1020.8,2407.55
"48113018402","Garland (other)",3984,49,111,1229.92,2786.14
"48113018403","Garland (other)",854,243,189,28454.3,22131.1
"48113018501","Garland (other)",3996,85,190,2127.13,4754.75
"48113018503","Lake Highlands",5404,230,253,4256.11,4681.72
"48113018505","Lake Highlands",3800,260,233,6842.1,6131.58
"48113018506","Lake Highlands",3297,244,281,7400.67,8522.9
"48113018600","Garland (other)",3509,52,154,1481.9,4388.71
"48113018700","Garland (other)",6642,28,142,421.56,2137.91
"48113018801","Garland (other)",4582,22,129,480.14,2815.36
"48113018802","Garland (other)",967,112,172,11582.2,17787
"48113018900","Garland (other)",6368,54,160,847.99,2512.56
"48113019004","Garland (other)",6273,24,101,382.592,1610.07
"48113019013","Arbor Creek",5797,152,177,2622.05,3053.3
"48113019014","Garland (other)",8226,39,128,474.106,1556.04
"48113019016","Lake Highlands",3238,132,172,4076.59,5311.92
"48113019018","Whispering Hills",5066,90,134,1776.55,2645.08
"48113019019","Woodbridge",7466,235,190,3147.6,2544.87
"48113019020","Garland (other)",5315,27,122,507.996,2295.39
"48113019021","Garland (other)",7385,37,121,501.016,1638.46
"48113019023","Duck Creek",4758,15,73,315.259,1534.26
"48113019024","Marlborough Square",4487,17,79,378.872,1760.64
"48113019025","Garland (other)",5093,9,87,176.713,1708.23
"48113019026","Garland (other)",5439,30,95,551.572,1746.64
"48113019027","Garland (other)",5167,94,156,1819.24,3019.16
"48113019028","Garland (other)",3596,22,100,611.791,2780.87
"48113019029","Garland (other)",5653,20,123,353.794,2175.84
"48113019031","Spring Creek/Big Spring Road",6113,9,81,147.227,1325.04
"48113019032","Garland (other)",4194,26,117,619.933,2789.7
"48113019033","Garland (other)",4505,61,141,1354.05,3129.86
"48113019034","Lake Highlands",4440,151,206,3400.9,4639.64
"48113019035","Lake Highlands",4623,202,211,4369.46,4564.14
"48113019036","Richardson near Womens Club",2933,21,65,715.99,2216.16
"48113019037","Yale",3670,12,59,326.975,1607.63
"48113019038","Galatyn Parkway",815,112,190,13742.3,23312.9
"48113019039","College Park",5865,39,100,664.962,1705.03
"48113019040","LBJ & 75",5799,30,91,517.331,1569.24
"48113019041","Richland Park",2755,34,82,1234.12,2976.41
"48113019042","Garland (other)",5183,44,136,848.929,2623.96
"48113019043","Garland (other)",7402,15,53,202.648,716.023
"48113019100","Highland Terrace",5835,85,190,1456.73,3256.21
"48113019202","Richardson Heights",4975,30,96,603.015,1929.65
"48113019203","Richardson Heights",3933,37,97,940.758,2466.31
"48113019204","Southwest Richardson",9316,38,92,407.9,987.548
"48113019205","Reservation",3464,19,45,548.499,1299.08
"48113019206","UT-D area",5979,33,118,551.932,1973.57
"48113019208","LBJ & 75",7020,99,150,1410.26,2136.75
"48113019210","Canyon Creek",3999,16,38,400.1,950.238
"48113019211","Northrich",5278,25,106,473.664,2008.34
"48113019212","LBJ & 75",4295,135,184,3143.19,4284.05
"48113019213","LBJ & 75",3293,85,154,2581.23,4676.59
"48113019301","University Park",2960,8,18,270.27,608.108
"48113019302","University Park",5151,13,52,252.378,1009.51
"48113019400","University Park",3978,9,59,226.244,1483.16
"48113019501","University Park",7318,28,42,382.618,573.927
"48113019502","University Park",4354,14,44,321.543,1010.57
"48113019600","Highland Park",2409,16,65,664.176,2698.22
"48113019700","Highland Park",1637,12,58,733.048,3543.07
"48113019800","Highland Park",4750,27,71,568.421,1494.74
"48113019900","Cockrell Hill",4267,119,116,2788.84,2718.54
"48113020000","Coppell",4408,21,53,476.407,1202.36
"48113020100","Irving (other)",2396,103,157,4298.83,6552.59
"48113020200","Glencoe",4025,246,322,6111.8,8000
"48113020300","South Dallas",2270,236,274,10396.5,12070.5
"48113020400","Cedars",5681,162,184,2851.61,3238.87
"48113020500","West Dallas",5314,302,337,5683.1,6341.74
"48113020600","Preston Hollow",2449,60,94,2449.98,3838.3
"48113020700","Carrollton",4333,29,84,669.282,1938.61
"48113980000","Irving (other)",0,334,338,,
"48113980100","Love Field",0,1005,1541,,
"48121020103","Lake Ray Roberts/Aubrey",10687,59,64,552.073,598.858
"48121020104","Northeast Denton County",3271,97,76,2965.45,2323.45
"48121020105","Northeast Denton County",7795,32,57,410.52,731.238
"48121020107","Oak Point",5309,14,68,263.703,1280.84
"48121020108","Little Elm",12748,10,47,78.4437,368.685
"48121020109","Frisco (north of Eldorado)",3101,19,44,612.706,1418.9
"48121020110","Grey Hawk",5503,2,15,36.3438,272.579
"48121020111","Country Club Ridge",4124,4,7,96.9932,169.738
"48121020112","Little Elm",3157,61,29,1932.21,918.594
"48121020113","Little Elm",10292,15,31,145.744,301.205
"48121020114","Little Elm",9090,45,56,495.049,616.062
"48121020115","Oak Point",5245,28,72,533.842,1372.74
"48121020202","Krum",9933,34,53,342.293,533.575
"48121020203","Sanger",5270,57,84,1081.59,1593.93
"48121020204","North Sanger/Northwest Denton County",3817,49,47,1283.73,1231.33
"48121020205","Denton/Lake Ray Roberts",1864,31,54,1663.09,2897
"48121020303","Argyle",10477,40,66,381.789,629.951
"48121020305","Trophy Club",7195,15,29,208.478,403.058
"48121020307","Farmersville",9220,27,39,292.842,422.993
"48121020308","Southwest Denton County",10046,55,83,547.482,826.199
"48121020309","Justin",9021,42,71,465.58,787.052
"48121020310","Robson Ranch",2682,61,72,2274.42,2684.56
"48121020401","Northwest Denton/East Krum",7162,94,86,1312.48,1200.78
"48121020402","Downtown Denton/UNT",5093,73,62,1433.34,1217.36
"48121020403","Downtown Denton/UNT",3456,84,97,2430.56,2806.71
"48121020503","Downtown Denton/UNT",6454,49,59,759.219,914.162
"48121020504","North Central Denton",2914,23,44,789.293,1509.95
"48121020505","Downtown Denton/UNT",6681,14,32,209.549,478.97
"48121020506","Hartlee Field/Cooper Creek",1844,85,92,4609.54,4989.15
"48121020601","Downtown Denton/UNT",5645,74,84,1310.89,1488.04
"48121020602","Downtown Denton/UNT",8345,68,74,814.859,886.758
"48121020700","Downtown Denton/UNT",3234,162,114,5009.28,3525.05
"48121020800","Southwest Denton",4912,74,108,1506.51,2198.7
"48121020900","Downtown Denton/UNT",4987,82,64,1644.28,1283.34
"48121021000","Downtown Denton/UNT",6142,42,58,683.816,944.318
"48121021100","Downtown Denton/UNT",2617,107,120,4088.65,4585.4
"48121021201","Southeast Denton",6247,142,101,2273.09,1616.78
"48121021202","Southeast Denton",5178,155,97,2993.43,1873.31
"48121021301","Southeast Denton",3797,54,107,1422.18,2818.01
"48121021303","Corinth area",7351,31,26,421.711,353.693
"48121021304","Southridge",5455,60,52,1099.91,953.254
"48121021305","Southridge",3795,64,60,1686.43,1581.03
"48121021403","Hickory Creek",10533,54,46,512.674,436.723
"48121021404","Shady Shores",8478,67,58,790.281,684.124
"48121021405","East Denton",9587,33,65,344.216,678.001
"48121021406","Corinth area",7470,13,28,174.029,374.833
"48121021407","Corinth area",6669,8,30,119.958,449.843
"48121021408","Corinth area",6350,22,33,346.457,519.685
"48121021409","Corinth area",8265,25,40,302.48,483.969
"48121021502","North Lewisville",4572,32,68,699.913,1487.31
"48121021505","North Lewisville",6117,18,57,294.262,931.829
"48121021512","Copper Canyon",4855,9,14,185.376,288.363
"48121021513","Highland Village",3561,29,34,814.378,954.788
"48121021514","Highland Village",4306,10,18,232.234,418.021
"48121021515","Hackberry",8447,46,88,544.572,1041.79
"48121021516","The Colony",6479,18,51,277.821,787.159
"48121021517","Coyote Ridge area",2745,27,75,983.607,2732.24
"48121021518","The Colony",3077,17,52,552.486,1689.96
"48121021519","The Colony",13157,45,49,342.023,372.425
"48121021520","The Colony",3750,33,34,880,906.667
"48121021521","The Colony",4348,40,59,919.963,1356.95
"48121021522","West Frisco",1474,118,154,8005.43,10447.8
"48121021523","The Colony",3619,8,38,221.056,1050.01
"48121021524","Heritage Lakes",1700,24,35,1411.76,2058.82
"48121021525","Westfalls Village",8444,11,29,130.27,343.439
"48121021526","Griffin Park",6585,24,31,364.465,470.767
"48121021527","The Trails",5944,8,14,134.589,235.532
"48121021611","Carrollton",4371,32,94,732.098,2150.54
"48121021612","Carrollton",4010,13,67,324.19,1670.82
"48121021613","Carrollton",5514,65,111,1178.82,2013.06
"48121021614","Carrollton",3792,28,64,738.397,1687.76
"48121021615","Carrollton",4445,28,68,629.921,1529.81
"48121021616","Countryside",3849,101,159,2624.06,4130.94
"48121021618","Old Town",4557,59,97,1294.71,2128.59
"48121021619","Old Town Lewisville",2888,54,83,1869.81,2873.96
"48121021620","Vista Ridge",1820,276,146,15164.8,8021.98
"48121021621","Carrollton",3892,19,65,488.181,1670.09
"48121021622","Carrollton",5217,18,48,345.026,920.069
"48121021623","Carrollton",6201,46,99,741.816,1596.52
"48121021624","Coyote Ridge area",6986,32,91,458.059,1302.61
"48121021625","Castle Hills",5480,110,103,2007.3,1879.56
"48121021626","West Plano",2105,52,63,2470.31,2992.87
"48121021627","West Plano",7141,72,79,1008.26,1106.29
"48121021628","Carrollton",6969,34,87,487.875,1248.39
"48121021629","Castle Hills",6362,23,57,361.522,895.945
"48121021630","Carrollton",4965,16,81,322.256,1631.42
"48121021631","Carrollton",5534,6,60,108.421,1084.21
"48121021632","Carrollton",3487,71,104,2036.13,2982.51
"48121021633","Carrollton",4581,10,60,218.293,1309.76
"48121021634","Bent Tree",5311,299,236,5629.82,4443.61
"48121021635","Midway Meadows",4062,96,218,2363.37,5366.81
"48121021636","Bent Tree",7244,85,222,1173.38,3064.61
"48121021637","Oaktree North Estates",4391,89,208,2026.87,4736.96
"48121021638","Bent Tree",3934,49,147,1245.55,3736.65
"48121021715","North Lewisville",4494,6,21,133.511,467.29
"48121021716","Orchard Valley",5261,39,68,741.304,1292.53
"48121021717","Lewisville Valley",5968,34,48,569.705,804.29
"48121021718","Lantana",8810,52,41,590.238,465.38
"48121021719","Copper Canyon",4504,13,15,288.632,333.037
"48121021720","Flower Mound",3272,9,10,275.061,305.623
"48121021721","Flower Mound",3780,5,31,132.275,820.106
"48121021722","Flower Mound",3851,42,47,1090.63,1220.46
"48121021723","Southwest Lewsiville",1729,5,43,289.185,2486.99
"48121021724","Flower Mound",4148,10,10,241.08,241.08
"48121021725","Flower Mound",3903,4,14,102.485,358.698
"48121021726","Flower Mound",3392,4,21,117.925,619.104
"48121021727","Flower Mound",4783,26,20,543.592,418.148
"48121021728","Southwest Lewsiville",2256,243,390,10771.3,17287.2
"48121021729","Flower Mound",3243,7,18,215.85,555.042
"48121021730","Vista Ridge",3567,3,23,84.1043,644.8
"48121021731","Valley Vista",3821,49,94,1282.39,2460.09
"48121021732","Vista Ridge",2052,36,87,1754.39,4239.77
"48121021733","Meadow Glen",3778,109,206,2885.12,5452.62
"48121021734","Lewisville Central Park",2827,127,116,4492.39,4103.29
"48121021735","Vista Ridge",3772,50,110,1325.56,2916.22
"48121021736","Vista Ridge",2467,63,130,2553.71,5269.56
"48121021737","Vista Ridge",4507,41,104,909.696,2307.52
"48121021738","Vista Ridge",2782,76,99,2731.85,3558.59
"48121021739","Vista Ridge",3602,53,88,1471.4,2443.09
"48121021740","Fox Creek",4567,23,62,503.613,1357.57
"48121021741","Timber Creek",1879,17,47,904.737,2501.33
"48121021742","Vista Ridge",5569,12,44,215.479,790.088
"48121021743","Westwood",3270,27,69,825.688,2110.09
"48121021744","Westlake Park",3967,34,69,857.071,1739.35
"48121021745","Lakewood North",5159,21,50,407.056,969.18
"48121021746","Double Oak",3566,18,15,504.767,420.639
"48121021747","Flower Mound",4285,32,45,746.791,1050.18
"48121021748","Flower Mound",4144,8,21,193.05,506.757
"48121021749","Flower Mound",3325,10,8,300.752,240.602
"48121021750","Flower Mound",3913,31,32,792.231,817.787
"48121021751","Flower Mound",5120,13,9,253.906,175.781
"48121021752","Flower Mound",5144,8,9,155.521,174.961
"48121021753","Flower Mound",5356,9,15,168.036,280.06
"48121021800","West Frisco",4156,38,82,914.341,1973.05
"48121021900","West Frisco",4880,11,29,225.41,594.262
"48397040101","Rockwall",6485,10,26,154.202,400.925
"48397040102","Rowlett",7082,14,43,197.684,607.173
"48397040200","Rockwall",4886,22,29,450.266,593.533
"48397040302","Rockwall",7487,46,59,614.398,788.033
"48397040401","Fate & Royse City",9650,30,33,310.881,341.969
"48397040402","Fate & Royse City",10776,34,44,315.516,408.315
"48397040503","SE Lake Ray Hubbard",6653,22,51,330.678,766.571
"48397040504","SE Lake Ray Hubbard",6803,27,42,396.884,617.375
"48397040505","McClendon-Chisolm",10947,30,52,274.048,475.016
"48397040506","Heath",7110,33,44,464.135,618.847
"48439110101","Haltom City",7014,74,149,1055.03,2124.32
"48439110102","Haltom City",4173,68,137,1629.52,3283.01
"48439110202","Haltom City",4523,49,144,1083.35,3183.73
"48439110203","Haltom City",8008,50,105,624.376,1311.19
"48439110204","Haltom City",6534,63,140,964.187,2142.64
"48439110301","Haltom City",4242,160,228,3771.81,5374.82
"48439110302","Haltom City",5427,86,186,1584.67,3427.31
"48439110600","Westworth Village",2541,167,97,6572.22,3817.39
"48439110808","Southwest Fort Worth",2203,79,108,3586.02,4902.41
"48439110809","Benbrook",1914,49,47,2560.08,2455.59
"48439110901","Benbrook",4365,33,60,756.014,1374.57
"48439110903","Benbrook",1634,102,119,6242.35,7282.74
"48439110905","Benbrook",4592,22,61,479.094,1328.4
"48439110906","Benbrook",4538,20,48,440.723,1057.73
"48439110907","Benbrook",3094,34,59,1098.9,1906.92
"48439111003","Edgecliff Village",2883,75,113,2601.46,3919.53
"48439111008","Crowley",7333,58,86,790.945,1172.78
"48439111010","Southwest Fort Worth",2927,82,109,2801.5,3723.95
"48439111013","Crowley",8563,96,139,1121.1,1623.26
"48439111015","Crowley",2448,26,59,1062.09,2410.13
"48439111016","Burleson",9880,14,49,141.7,495.951
"48439111018","Crowley",2129,62,82,2912.17,3851.57
"48439111102","Forest Hill",6236,130,203,2084.67,3255.29
"48439111103","Forest Hill",3932,140,191,3560.53,4857.58
"48439111104","Forest Hill",2514,152,187,6046.14,7438.35
"48439111202","Everman",6213,143,165,2301.63,2655.72
"48439111203","Rendon",5953,109,146,1831.01,2452.54
"48439111204","Rendon",5170,57,83,1102.51,1605.42
"48439111301","Rendon",9493,44,62,463.499,653.113
"48439111304","Mansfield",7425,15,51,202.02,686.869
"48439111306","Mansfield",5022,21,53,418.16,1055.36
"48439111307","Mansfield",3279,77,101,2348.28,3080.21
"48439111308","Mansfield",1524,71,79,4658.79,5183.73
"48439111309","Mansfield",4215,40,80,948.992,1897.98
"48439111310","Southeast Arlington",8041,29,76,360.652,945.156
"48439111311","Mansfield",6535,6,34,91.8133,520.275
"48439111312","Mansfield",3333,35,42,1050.1,1260.13
"48439111313","Mansfield",6751,17,30,251.815,444.379
"48439111314","Mansfield",5745,20,30,348.129,522.193
"48439111402","Southwest Arlington",6540,12,61,183.486,932.722
"48439111404","Kennedale",7987,100,156,1252.03,1953.17
"48439111405","Kennedale",2328,98,127,4209.62,5455.33
"48439111406","Mansfield",3808,38,57,997.899,1496.85
"48439111407","Southwest Arlington",3345,46,76,1375.19,2272.05
"48439111408","Southwest Arlington",3059,101,121,3301.73,3955.54
"48439111409","Southwest Arlington",4988,17,37,340.818,741.78
"48439111505","West Arlington",3957,115,97,2906.24,2451.35
"48439111506","Pantego",6041,179,136,2963.09,2251.28
"48439111513","Southeast Arlington",4265,30,127,703.4,2977.73
"48439111514","Southeast Arlington",6791,38,154,559.564,2267.71
"48439111516","Southeast Arlington",6162,61,162,989.938,2629.02
"48439111521","East Arlington",7995,117,171,1463.41,2138.84
"48439111522","East Arlington",8590,86,140,1001.16,1629.8
"48439111523","East Arlington",9137,286,172,3130.13,1882.46
"48439111524","Central Arlington",7183,147,162,2046.5,2255.32
"48439111525","Central Arlington",6798,145,167,2132.98,2456.6
"48439111526","Central Arlington",4217,130,139,3082.76,3296.18
"48439111529","West Arlington",3974,15,42,377.453,1056.87
"48439111530","Southwest Arlington",5795,24,92,414.15,1587.58
"48439111531","Southwest Arlington",4688,6,77,127.986,1642.49
"48439111532","Southwest Arlington",7462,27,102,361.833,1366.93
"48439111533","Southwest Arlington",4884,18,87,368.55,1781.33
"48439111534","Southwest Arlington",6250,9,88,144,1408
"48439111536","Western Grand Prairie",3301,96,152,2908.21,4604.67
"48439111537","Western Grand Prairie",6612,88,153,1330.91,2313.97
"48439111538","Western Grand Prairie",5841,63,110,1078.58,1883.24
"48439111539","Western Grand Prairie",9140,27,92,295.405,1006.56
"48439111540","Southeast Arlington",6569,103,172,1567.97,2618.36
"48439111541","Southeast Arlington",4080,57,159,1397.06,3897.06
"48439111542","Southeast Arlington",6476,17,109,262.508,1683.14
"48439111543","Southeast Arlington",6863,151,164,2200.2,2389.63
"48439111544","Southeast Arlington",7316,17,98,232.367,1339.53
"48439111545","Dalworthington Gardens",2449,47,75,1919.15,3062.47
"48439111546","West Arlington",6913,12,54,173.586,781.137
"48439111547","Southeast Arlington",17531,27,100,154.013,570.418
"48439111548","Western Grand Prairie",7999,18,67,225.028,837.605
"48439111549","Joe Pool Lake",8156,46,60,564.002,735.655
"48439111550","Southeast Arlington",13594,40,99,294.247,728.262
"48439111551","Mansfield",7182,19,46,264.55,640.49
"48439111552","Central Arlington",3744,103,121,2751.07,3231.84
"48439111553","Central Arlington",3756,306,174,8146.96,4632.59
"48439113001","Western Grand Prairie",3459,144,149,4163.05,4307.6
"48439113002","East Arlington",6660,259,214,3888.89,3213.21
"48439113102","North Arlington",4426,168,174,3795.75,3931.31
"48439113104","North Arlington",3586,253,224,7055.21,6246.51
"48439113107","North Arlington",2323,60,59,2582.87,2539.82
"48439113108","North Arlington",4919,59,70,1199.43,1423.05
"48439113109","Entertainment District",3944,157,200,3980.73,5070.99
"48439113110","North Arlington",4486,312,239,6954.97,5327.69
"48439113111","North Arlington",3932,752,267,19125.1,6790.44
"48439113112","North Arlington",2937,378,174,12870.3,5924.41
"48439113113","Western Grand Prairie",4074,156,195,3829.16,4786.45
"48439113114","North Arlington",3936,163,203,4141.26,5157.52
"48439113115","North Arlington",3669,117,186,3188.88,5069.5
"48439113116","North Arlington",4497,225,216,5003.34,4803.2
"48439113206","North Richland Hills",6207,101,99,1627.2,1594.97
"48439113207","North Richland Hills",4363,5,38,114.6,870.96
"48439113210","North Richland Hills",7092,18,47,253.807,662.719
"48439113212","North Richland Hills",4088,69,73,1687.87,1785.71
"48439113213","North Richland Hills",3188,91,77,2854.45,2415.31
"48439113214","North Richland Hills",4933,23,72,466.248,1459.56
"48439113215","North Richland Hills",4755,26,52,546.793,1093.59
"48439113216","North Richland Hills",5071,97,85,1912.84,1676.2
"48439113217","North Richland Hills",4538,127,85,2798.59,1873.07
"48439113218","North Richland Hills",2519,22,35,873.362,1389.44
"48439113220","North Richland Hills",6728,129,105,1917.36,1560.64
"48439113221","North Richland Hills",5297,79,83,1491.41,1566.92
"48439113301","Richland Hills",3965,50,103,1261.03,2597.73
"48439113302","Richland Hills",4536,68,153,1499.12,3373.02
"48439113403","Hurst",2453,182,100,7419.49,4076.64
"48439113404","Hurst",5796,111,89,1915.11,1535.54
"48439113405","Hurst",5928,149,115,2513.5,1939.95
"48439113407","Hurst",6252,129,105,2063.34,1679.46
"48439113408","Hurst",5234,90,95,1719.53,1815.06
"48439113509","Euless",4568,57,128,1247.81,2802.1
"48439113510","Euless",4222,84,152,1989.58,3600.19
"48439113511","Euless",4237,57,104,1345.29,2454.57
"48439113512","Beford",5843,76,93,1300.7,1591.65
"48439113513","Euless",5636,107,153,1898.51,2714.69
"48439113514","Euless",5039,72,132,1428.85,2619.57
"48439113516","Euless",4566,18,69,394.218,1511.17
"48439113517","Euless",3501,22,79,628.392,2256.5
"48439113518","Euless",5359,104,140,1940.66,2612.43
"48439113519","Euless",5872,11,48,187.33,817.439
"48439113520","Euless",5134,177,222,3447.6,4324.11
"48439113607","Beford",4281,137,83,3200.19,1938.8
"48439113610","Colleyville",11031,11,24,99.719,217.569
"48439113611","Hurst",4640,31,37,668.103,797.414
"48439113612","Hurst",4245,40,41,942.285,965.842
"48439113613","Hurst",4120,106,63,2572.82,1529.13
"48439113618","Beford",5691,104,87,1827.45,1528.73
"48439113619","Euless",4776,184,150,3852.6,3140.7
"48439113622","Colleyville",5944,9,29,151.413,487.887
"48439113623","Beford",3548,33,62,930.101,1747.46
"48439113624","Beford",4356,52,79,1193.76,1813.59
"48439113625","Beford",3403,44,54,1292.98,1586.84
"48439113626","Beford",3953,43,58,1087.78,1467.24
"48439113627","Beford",5585,155,112,2775.29,2005.37
"48439113628","Beford",5121,246,132,4803.75,2577.62
"48439113629","Beford",4481,172,83,3838.43,1852.27
"48439113630","Beford",3546,141,92,3976.31,2594.47
"48439113631","Grapevine",7499,122,137,1626.88,1826.91
"48439113632","Grapevine",5166,8,17,154.859,329.075
"48439113633","Colleyville",4298,3,19,69.7999,442.066
"48439113634","Colleyville",5175,8,20,154.589,386.473
"48439113703","Grapevine",9636,64,82,664.176,850.976
"48439113705","Grapevine",5804,243,229,4186.77,3945.55
"48439113707","Grapevine",5203,8,31,153.757,595.81
"48439113709","Grapevine",4964,83,97,1672.04,1954.07
"48439113710","Grapevine",3925,29,45,738.854,1146.5
"48439113711","Grapevine",3923,21,53,535.305,1351.01
"48439113803","Watauga",5795,13,52,224.331,897.325
"48439113808","Watauga",6355,28,59,440.598,928.403
"48439113809","Watauga",4927,39,64,791.557,1298.96
"48439113810","Watauga",4541,59,74,1299.27,1629.6
"48439113811","North Richland Hills",3522,55,101,1561.61,2867.69
"48439113812","Keller",5814,10,45,171.999,773.994
"48439113813","Keller",5039,4,11,79.3808,218.297
"48439113814","North Richland Hills",4226,25,26,591.576,615.239
"48439113815","Keller",5944,5,10,84.1184,168.237
"48439113816","Keller",5223,10,26,191.461,497.798
"48439113906","Southlake",6356,8,26,125.865,409.062
"48439113907","Southlake",7116,18,55,252.951,772.906
"48439113908","Southlake",5405,3,36,55.5042,666.05
"48439113909","Southlake",6868,16,34,232.964,495.049
"48439113910","Keller",9105,11,22,120.813,241.625
"48439113911","Keller",7788,39,70,500.77,898.819
"48439113912","Southlake",6095,16,40,262.51,656.276
"48439114003","Saginaw",8123,28,53,344.7,652.468
"48439114005","Saginaw",8304,65,65,782.755,782.755
"48439114006","Saginaw",6733,37,67,549.532,995.099
"48439114104","Pecan Acres",7135,43,76,602.663,1065.17
"48439114204","Azle",6554,72,119,1098.57,1815.69
"48439114205","Azle",3286,99,133,3012.78,4047.47
"48439121601","North Arlington",7867,111,120,1410.96,1525.36
"48439121604","North Arlington",6206,211,177,3399.94,2852.08
"48439121605","North Arlington",2825,118,160,4176.99,5663.72
"48439121606","West Arlington",3435,76,99,2212.52,2882.1
"48439121608","West Arlington",5497,34,70,618.519,1273.42
"48439121609","West Arlington",5863,20,70,341.122,1193.93
"48439121610","West Arlington",2252,67,67,2975.13,2975.13
"48439121611","West Arlington",4452,32,91,718.778,2044.03
"48439121702","Entertainment District",1965,544,280,27684.5,14249.4
"48439121703","North Arlington",5364,157,166,2926.92,3094.71
"48439121704","North Arlington",3575,277,199,7748.25,5566.43
"48439121903","East Arlington",6437,362,165,5623.74,2563.31
"48439121904","East Arlington",4235,192,181,4533.65,4273.91
"48439121905","East Arlington",5764,248,211,4302.57,3660.65
"48439121906","East Arlington",4110,192,164,4671.53,3990.27
"48439122001","East Arlington",4545,107,149,2354.24,3278.33
"48439122002","East Arlington",4873,83,124,1703.26,2544.63
"48439122100","East Arlington",6169,107,160,1734.48,2593.61
"48439122200","Downtown Arlington",2150,251,230,11674.4,10697.7
"48439122300","Downtown Arlington",3886,143,195,3679.88,5018.01
"48439122400","Central Arlington",5723,90,194,1572.6,3389.83
"48439122500","Central Arlington",4082,80,124,1959.82,3037.73
"48439122600","Central Arlington",3519,179,138,5086.67,3921.57
"48439122700","Central Arlington",4797,174,160,3627.27,3335.42
"48439122801","Central Arlington",3819,337,201,8824.3,5263.16
"48439122802","Central Arlington",4631,173,138,3735.69,2979.92
"48439122900","East Arlington",7571,89,150,1175.54,1981.24
"48439980000","Grapevine",0,887,887,,
